"Geneid","7-day-old_wild","8-day-old_wild","10-day-old_wild","12-day-old_wild","13-day-old_wild","15-day-old_wild","17-day-old_wild"
"AT1G52240",0.557,0.565,0.023,0.012,0.005,0,0
"AT1G01060",42.242,10.304,26.942,24.559,26.173,7.847,6.604
"AT1G01090",895.271,1140.772,519.602,231.976,135.06,31.187,4.979
"AT1G01540",14.672,17.141,13.959,11.236,8.541,4.503,3.96
"AT1G01720",6.736,14.893,24.857,44.268,70.124,272.531,543.16
"AT1G02660",0.847,0.57,0.406,0.531,1.277,6.686,22.693
"AT1G03030",17.446,20.159,11.685,11.085,20.975,37.788,66.869
"AT1G03080",1.595,2.444,4.125,2.919,1.983,0.561,0.228
"AT1G03840",6.804,7.172,4.622,3.748,2.915,1.346,0.2
"AT1G03940",1.434,0.522,0.412,0.886,1.043,0.862,0.731
"AT1G04040",0.994,1.53,0.849,0.632,1.695,9.45,3.723
"AT1G04170",115.791,87.005,33.427,24.578,26.816,23.321,30.352
"AT1G04400",9.995,13.227,5.548,3.008,3.441,3.353,9.929
"AT1G04430",5.756,6.228,4.882,3.756,3.444,0.92,0.569
"AT1G04530",38.34,32.481,18.276,14.888,19.531,26.274,46.034
"AT1G04540",0.696,0.415,0.719,0.769,0.545,0.131,0.029
"AT1G04560",1.5,15.403,2155.848,3945.686,5032.481,9852.552,10477.627
"AT1G04945",6.915,5.163,1.702,2.499,3.207,5.383,5.957
"AT1G04980",15.581,17.233,22.585,8.705,5.907,3.368,3.176
"AT1G05000",0.634,0.361,1.2,1.505,0.709,0.597,0.257
"AT1G05230",2.451,2.179,0.94,0.561,0.347,0.133,0.265
"AT1G05350",33.088,42.191,34.651,21.796,16.315,4.138,1.561
"AT1G06040",102.236,111.444,70.428,46.954,30.686,13.113,7.035
"AT1G06050",4.363,4.099,3.565,3.392,3.384,2.835,2.379
"AT1G06150",7.217,7.483,5.11,3.835,3.696,2.071,2.187
"AT1G06900",13.035,10.475,5.763,3.956,4.062,2.555,5.152
"AT1G07040",50.735,85.308,68.956,43.022,39.227,42.627,37.774
"AT1G07150",0.151,0.601,2.319,2.859,2.809,1.649,6.69
"AT1G07400",6.523,6.48,8.132,7.825,6.282,49.876,82.129
"AT1G07410",1.659,1.897,3.997,4.784,5.086,3.919,1.869
"AT1G07570",25.282,24.68,11.928,6.986,4.762,2.894,2.729
"AT1G08000",14.496,13.703,4.616,3.378,2.599,2.623,2.39
"AT1G08230",0.05,0.018,0.097,0.238,0.549,1.028,3.324
"AT1G08350",7.098,6.863,5.778,3.297,1.688,0.335,0.281
"AT1G08360",762.256,483.318,211.444,159.264,135.069,56.047,72.484
"AT1G08380",629.468,1035.665,326.435,49.943,9.426,1.424,0.404
"AT1G08410",24.026,16.263,5.366,5.056,6.017,8.93,16.233
"AT1G08510",23.946,28.122,19.371,15.049,13.513,11.085,10.227
"AT1G08550",5.21,7.215,3.564,3.013,2.798,3.603,6.969
"AT1G08570",21.713,28.933,45.202,58.924,81.961,143.209,191.632
"AT1G09210",111.884,96.415,51.975,8.925,3.546,1.152,0.982
"AT1G09640",213.412,174.53,74.784,53.031,46.315,30.061,39.383
"AT1G09795",110.001,123.311,43.333,23.332,23.843,38.727,47.619
"AT1G09970",1.227,1.715,2.007,3.3,7.313,24.555,71.871
"AT1G10070",0.176,0.077,0.225,2.537,10.674,26.275,26.407
"AT1G10180",19.749,21.219,15.417,11.194,8.426,5.497,4.814
"AT1G10600",5.735,6.966,5.323,4.388,3.802,5.754,12.482
"AT1G10630",93.667,78.345,43.004,18.137,10.839,2.592,1.288
"AT1G10670",209.811,238.655,124.419,47.911,20.74,4.862,2.66
"AT1G10700",6.396,7.889,7.115,4.414,4.082,2.535,2.539
"AT1G10940",22.356,24.872,19.225,16.091,15.107,12.153,15.165
"AT1G11680",99.156,123.513,81.24,42.74,20.68,7.272,7.115
"AT1G11910",177.299,228.505,276.612,282.608,289.821,354.733,331.877
"AT1G12270",60.601,41.611,4.634,1.785,1.69,4.616,8.479
"AT1G12350",13.214,14.746,10.47,7.738,7.194,6.7,9.415
"AT1G12840",40.333,41.601,25.578,15.857,13.27,10.043,9.101
"AT1G13110",0.01,0,0,0,0,0,0
"AT1G13170",35.143,36.838,20.515,11.212,4.571,0.343,0.072
"AT1G13440",895.616,957.386,552.819,289.228,191.847,78.02,83.541
"AT1G13980",11.306,11.091,7.8,5.045,3.412,1.128,1.345
"AT1G14010",26.899,36.215,45.793,27.237,20.454,6.965,3.112
"AT1G14370",0.156,0.119,0.161,0.08,0.057,0.124,0.098
"AT1G14710",35.437,35.005,15.071,9.628,6.29,2.829,1.446
"AT1G14920",12.971,16.714,12.067,10.052,7.459,8.086,10.995
"AT1G15690",160.659,109.812,48.676,67.015,85.256,120.265,119.936
"AT1G15820",835.575,1250.582,414.555,106.287,23.728,1.167,0.177
"AT1G15910",120.712,116.098,67.85,38.923,17.93,1.233,0.384
"AT1G16080",41.993,42.523,11.21,8.309,7.003,6.687,8.525
"AT1G16670",2.14,2.208,2.539,3.144,2.682,2.314,3.344
"AT1G16780",4.492,5.655,4.658,2.175,1.012,0.119,0.097
"AT1G17160",30.327,37.563,19.413,11.017,7.221,4.899,5.14
"AT1G17180",1.841,1.316,0.955,0.223,0.023,0,0
"AT1G17455",8.078,6.897,4.108,2.915,2.783,2.165,1.422
"AT1G17590",4.923,3.212,2.286,2.294,2.339,2.608,4.21
"AT1G17710",0.013,0.005,0.016,0.204,0.023,0.016,0
"AT1G17860",0,0,0,0,0,0,0
"AT1G18260",9.886,16.696,34.905,28.958,23.567,16.454,19.429
"AT1G18720",25.396,30.196,22.251,20.595,17.888,43.913,89.286
"AT1G18800",73.317,42.291,12.051,13.229,16.712,20.773,52.627
"AT1G18890",3.381,3.458,1.223,1.053,1.224,1.068,1.464
"AT1G18950",16.674,17.224,10.632,7.748,6.771,4.8,5.685
"AT1G19170",6.003,7.054,7.092,6.272,5.914,4.08,3.19
"AT1G19180",9.099,17.504,17.636,23.413,28.152,27.6,14.899
"AT1G19220",3.2,3.9,1.657,1.286,1.148,0.788,0.524
"AT1G19330",34.466,42.338,45.634,29.084,11.116,0.221,0.012
"AT1G19480",6.599,7.231,4.196,3.347,2.612,2.321,2.337
"AT1G19600",25.662,20.405,8.354,6.862,4.825,3.823,11.37
"AT1G19835",4.457,16.509,61.165,53.853,35.069,8.599,1.362
"AT1G19870",33.472,28.735,12.666,9.956,9.299,5.575,5.433
"AT1G19920",63.796,49.214,20.668,9.164,4.361,1.74,1.853
"AT1G20270",9.971,12.809,13.386,12.737,11.752,6.377,3.184
"AT1G20650",4.132,8.087,8.231,6.584,5.848,5.187,11.134
"AT1G20950",90.767,96.327,26.059,5.225,1.747,0.35,0.469
"AT1G21070",16.716,22.431,25.177,15.067,7.639,0.645,0.1
"AT1G21410",9.269,8.239,8.944,7.542,9.735,12.18,25.389
"AT1G21450",7.315,7.91,8.681,8.077,7.038,6.736,8.427
"AT1G21750",257.809,393.045,444.695,192.45,121.166,30.209,6.867
"AT1G21980",12.598,14.224,11.035,8.18,5.445,0.856,0.06
"AT1G22060",4.552,5.954,8.844,7.124,5.385,3.162,2.67
"AT1G22600",0.487,1.859,5.301,8.808,16.422,51.172,88.162
"AT1G22610",0,0,0,0,0,0,0
"AT1G22760",0.007,0,0,0,0,0.011,0
"AT1G23100",40.158,15.706,3.138,3.74,4.412,6.936,12.857
"AT1G23190",32.107,44.599,34.71,18.623,13.061,5.72,3.966
"AT1G23200",15.419,8.109,1.519,1.458,0.165,0.007,0.009
"AT1G24160",15.805,21.825,21.384,16.016,13.731,9.869,9.53
"AT1G24360",972.048,1083.347,379.101,150.484,85.068,13.757,3.415
"AT1G24440",3.764,5.105,4.534,4.581,5.893,6.118,7.865
"AT1G24490",24.538,23.481,9.408,11.326,18.612,46.976,97.957
"AT1G25440",8.85,12.088,2.736,0.311,0.052,0.029,0
"AT1G25560",0.119,0.228,0.117,0.046,0.018,0.008,0.009
"AT1G26110",89.143,79.199,38.452,28.3,27.463,29.379,42.49
"AT1G26355",0,0,0,0,0,0,0
"AT1G26480",0.063,0,0.008,0,0,0,0
"AT1G26910",57.225,34.938,9.898,6.857,4.722,2.298,1.321
"AT1G27400",600.296,347.147,79.565,50.801,39.348,13.054,13.028
"AT1G27450",201.59,129.593,34.379,17.002,12.074,4.958,2.751
"AT1G27680",20.617,24.329,10.85,6.135,4.207,3.549,5.583
"AT1G27970",89.27,60.321,28.126,19.711,18.258,18.345,11.067
"AT1G27990",0.02,0.712,13.159,35.151,93.622,384.072,920.964
"AT1G28110",29.907,30.109,14.598,3.367,0.871,0.048,0.01
"AT1G28360",28.163,18.577,10.22,11.882,8.743,22.783,27.468
"AT1G28480",0,0.024,0,0,0,0,0
"AT1G29270",15.198,21.067,0.831,0.023,0,0.009,0
"AT1G29840",10.678,8.676,4.992,2.932,1.994,0.49,0.689
"AT1G29970",4.669,5.619,6.223,8.114,8.519,10.424,11.954
"AT1G30090",5.301,5.178,4.944,6.277,6.882,10.15,15.448
"AT1G30220",0.692,3.694,20.739,5.333,2.08,0.938,0.938
"AT1G30240",8.136,5.536,1.534,1.659,2.17,2.548,3.309
"AT1G30320",10.166,5.373,0.892,0.276,0.177,0.527,2.431
"AT1G30380",527.79,793.351,319.903,126.42,37.584,1.286,0.096
"AT1G30440",58.707,62.958,32.856,15.541,8.58,1.734,1.434
"AT1G30450",8.04,8.534,6.157,4.207,3.028,1.192,0.649
"AT1G30820",30.453,13.855,0.686,0.204,0.168,0.151,0.813
"AT1G31280",4.296,4.103,5.64,7.277,9.439,9.503,9.163
"AT1G31720",0.011,0,0,0,0,0,0
"AT1G31812",888.307,882.145,438.737,241.469,130.638,30.008,7.877
"AT1G31910",25.168,20.873,8.428,5.994,6.505,8.228,12.067
"AT1G32090",17.083,20.939,17.61,10.118,5.197,1.619,1.59
"AT1G32700",0.515,0.256,2.301,7.708,6.941,4.654,13.424
"AT1G32900",37.981,33.266,9.948,9.412,6.519,1.811,0.454
"AT1G33420",0,0,0,0,0,0,0
"AT1G34000",39.26,42.846,29.87,23.998,23.219,21.76,11.521
"AT1G34340",6.088,15.793,14.848,7.23,3.621,0.647,0.672
"AT1G34470",3.754,4.48,3.322,3.139,2.821,2.052,2.377
"AT1G34550",6.529,7.726,6.28,4.483,3.795,3.24,4.161
"AT1G34780",9.251,10.431,7.989,7.58,7.644,9.154,11.511
"AT1G36240",0,0,0,0.076,0.155,0.042,0.048
"AT1G42960",689.867,721.905,310.909,162.156,97.588,39.693,21.775
"AT1G43580",33.478,36.519,21.635,12.452,8.183,3.808,4.55
"AT1G44170",9.683,14.724,16.991,10.74,7.656,4.175,4.361
"AT1G44750",14.711,16.564,11.816,10.511,9.171,5.738,3.736
"AT1G44760",228.714,221.811,58.931,17.344,5.565,0.246,0.084
"AT1G45130",11.248,10.964,2.907,1.729,0.766,0.096,0.012
"AT1G45207",17.488,18.862,11.983,4.925,1.859,0.061,0
"AT1G47128",1.384,0.863,0.235,1.224,0.268,0.529,0.547
"AT1G47670",41.876,36.198,11.415,3.568,1.288,0.233,0.137
"AT1G48175",5.018,4.798,4.012,2.73,2.17,1.407,2.256
"AT1G48370",2.085,2.716,2.535,2.614,2.505,1.722,1.778
"AT1G48410",68.726,67.822,36.318,25.328,23.434,18.088,26.068
"AT1G48480",19.825,20.044,7.371,2.533,0.284,0.011,0.014
"AT1G49340",8.61,7.658,3.94,2.034,1.473,0.802,1.085
"AT1G49510",27.456,20.46,5.688,4.592,4.631,3.685,3.558
"AT1G49730",26.856,37.811,38.372,24.982,19.339,3.398,0.154
"AT1G49780",4.819,4.385,2.542,1.744,1.878,3.21,3.938
"AT1G50010",550.403,607.006,286.387,112.232,33.167,4.212,1.734
"AT1G50480",38.942,39.045,13.362,6.269,5.803,4.037,7.812
"AT1G50500",13.094,13.757,9.906,6.65,5.984,5.012,6.81
"AT1G50600",16.868,19.743,19.296,18.295,14.332,11.105,23.676
"AT1G50660",44.192,49.981,32.776,22.023,14.865,8.854,7.292
"AT1G51140",4.901,4.244,2.827,2.85,3.028,4.622,11.438
"AT1G51760",8.399,6.873,4.433,4.66,4.453,6.191,8.033
"AT1G52190",1.549,2.023,0.957,0.678,0.064,0,0
"AT1G52360",27.341,28.437,18.92,12.158,10.38,9.085,13.038
"AT1G52870",10.77,17.657,16.843,16.763,11.313,7.845,18.386
"AT1G53050",17.542,20.545,16.116,13.117,11.214,7.889,6.52
"AT1G53230",3.192,4.491,4.306,3.503,1.888,1.139,0.661
"AT1G53240",465.159,412.875,140.178,70.159,43.552,15.153,12.607
"AT1G53310",38.765,43.353,22.179,12.677,9.657,8.024,9.648
"AT1G53730",5.177,6.761,6.098,4.476,3.506,2.085,3.235
"AT1G54050",9.426,8.375,3.9,2.245,1.87,56.474,132.237
"AT1G54220",17.739,17.984,8.461,6.508,3.822,1.054,0.462
"AT1G54460",47.087,43.146,26.446,15.696,10.026,4.269,3.498
"AT1G54610",26.264,25.507,14.277,12.347,12.095,11.265,9.264
"AT1G54780",167.583,218.779,47.721,8.159,2.265,0.374,0.143
"AT1G54870",0,0.026,1.469,45.321,518.323,4711.001,9070.078
"AT1G55110",8.141,9.882,21.159,24.477,26.496,32.963,42.956
"AT1G55320",16.601,26.475,19.073,8.249,3.265,0.797,0.718
"AT1G55480",77.947,98.655,37.706,16.446,11.846,4.836,1.808
"AT1G55910",2.776,1.783,0.816,0.815,0.985,0.559,0.754
"AT1G56230",2.249,2.343,0.628,0.169,0.058,0.038,0.023
"AT1G56720",3.786,4.533,1.861,0.676,0.93,1.25,0.313
"AT1G57590",0.232,0.054,1.591,2.803,1.459,0.403,0
"AT1G57720",421.241,331.13,124.674,69.553,61.756,34.19,51.246
"AT1G58110",15.628,14.104,7,4.985,4.701,3.24,4.38
"AT1G60010",11.661,12.44,2.814,0.408,0.097,0.02,0.049
"AT1G60190",1.811,2.519,0.122,0.154,0.167,0.171,0.52
"AT1G60420",15.441,16.989,11.164,6.988,6.591,5.701,6.265
"AT1G60800",14.075,18.236,14.757,8.701,4.59,0.705,0.414
"AT1G60970",86.224,131.696,142.209,72.663,45.382,25.696,30.931
"AT1G61240",8.829,12.653,10.706,6.669,5.356,6.213,7.752
"AT1G61260",3.866,4.168,0.893,0.441,0.206,0.112,0
"AT1G61350",5.65,7.588,12.184,9.679,6.926,4.208,3.537
"AT1G61560",0.084,0.069,0.006,0,0,0.005,0.006
"AT1G61900",13.039,12.093,10.984,10.384,10.602,12.644,15.94
"AT1G62020",24.602,26.6,16.595,8.783,5.881,2.384,1.697
"AT1G62300",0,0.006,0.044,0.102,0.179,0.276,0.182
"AT1G62310",1.986,3.182,5.017,3.869,3.66,2.494,3.329
"AT1G62400",0,0,0,0,0,0,0
"AT1G62620",0.08,0.374,3.15,4.189,7.954,9.172,3.348
"AT1G62750",78.792,79.019,13.066,7.504,6.03,2.815,3.776
"AT1G63120",7.957,6.261,4.657,5.28,12.208,53.106,76.194
"AT1G63300",18.314,25.258,29.819,18.7,13.194,4.358,6.335
"AT1G63430",7.749,10.268,8.703,5.745,3.62,1.23,0.977
"AT1G63470",54.889,47.539,16.98,8.955,4.46,1.531,0.664
"AT1G63640",14.755,12.487,4.089,3.306,2.387,1.141,1.33
"AT1G63830",35.574,31.644,8.987,6.617,6.192,2.839,3.571
"AT1G64110",0,0.002,0.003,0.091,0.366,13.84,136.082
"AT1G64500",1.982,3.605,4.051,3.293,1.518,0.719,0.876
"AT1G64720",75.152,82.309,13.479,3.691,3.031,7.835,64.251
"AT1G64860",15.68,15.132,6.315,2.462,1.242,0.308,0.086
"AT1G64970",1.125,0.272,0,0.062,0,0.02,0
"AT1G65295",19.545,14.208,7.824,5.626,4.035,2.719,1.722
"AT1G65470",12.034,10.846,1.146,0.434,0.329,0.077,0.053
"AT1G66250",126.982,107.914,32.792,22.391,16.607,6.833,5.598
"AT1G67360",99.201,136.427,170.12,162.093,66.214,14.246,10.59
"AT1G67430",1788.762,1072.851,374.83,269.459,240.213,128.277,173.467
"AT1G67490",6.698,6.879,4.237,2.816,2.107,1.363,1.69
"AT1G67560",0.164,0.17,0.055,0.157,0.352,1.069,1.704
"AT1G67590",26.827,28.52,21.614,14.662,7.108,0.588,0.224
"AT1G67690",6.693,7.835,3.013,1.566,1.148,0.707,1.732
"AT1G68060",33.699,37.988,26.806,14.548,9.901,2.309,1.27
"AT1G68090",0,0.011,0,0,0,0,0
"AT1G68410",4.771,5.573,3.056,2.144,2.571,3.379,5.206
"AT1G68560",103.426,93.436,6.431,1.187,0.403,0.127,0.166
"AT1G68710",2.212,1.906,1.061,0.76,0.703,0.363,0.526
"AT1G68780",39.383,31.906,11.214,7.434,3.065,0.166,0
"AT1G69490",0.703,0.703,0.37,0.023,0.021,0.011,0.12
"AT1G69530",9.418,76.194,321.071,403.853,279.692,43.521,1.969
"AT1G69740",114.723,120.199,24.065,11.596,9.52,6.629,7.925
"AT1G69870",0.66,0.203,0.19,0.369,0.138,1.266,14.776
"AT1G70170",0.022,0,0,0.04,0,0,0
"AT1G70210",21.332,23.953,12.431,5.919,2.824,0.884,0.07
"AT1G70280",19.469,14.766,2.505,0.794,0.231,0.019,0.024
"AT1G70300",6.559,8.88,7.656,7.318,6.486,3.338,1.062
"AT1G70580",33.856,54.566,85.148,75.989,89.638,96.883,88.692
"AT1G70730",27.398,33.544,30.743,28.204,31.062,28.783,24.697
"AT1G70770",76.45,96.389,87.685,57.576,36.347,10.724,10.713
"AT1G70890",0.017,0.049,0,0,0,0,0
"AT1G71020",8.389,6.869,1.891,0.752,0.562,0.213,0.304
"AT1G71190",7.327,8.543,10.206,9.346,8.16,8.611,13.055
"AT1G71220",16.827,18.125,11.799,5.146,3.404,1.414,2.771
"AT1G71270",16.36,19.338,14.89,9.601,7.829,3.982,4.266
"AT1G71310",18.174,14.523,6.075,4.643,4.582,4.659,6.439
"AT1G71710",2.794,2.982,2.323,1.281,1.429,1.736,2.274
"AT1G71770",0.979,0.202,0.031,0.045,0.009,0.009,0.012
"AT1G71860",22.068,14.84,4.122,2.454,2.467,1.584,2.494
"AT1G72160",25.912,36.436,58.625,56.334,47.247,17.818,13.718
"AT1G72210",7.445,5.46,2.565,1.596,0.778,2.313,7.767
"AT1G72480",33.946,41.498,51.983,35.054,30.525,19.7,11.713
"AT1G72830",60.919,53.826,22.849,13.841,13.023,12.241,9.34
"AT1G73180",20.855,18.269,8.185,5.706,5.979,4.588,6.187
"AT1G73590",52.014,37.619,16.978,15.163,10.444,6.304,2.471
"AT1G73760",14.462,12.441,3.519,2.043,1.011,0.208,0.04
"AT1G74160",2.825,2.957,3.538,7.345,9.276,7.871,2.809
"AT1G74410",1.565,1.933,6.661,17.257,26.041,42.909,55.079
"AT1G74470",350.246,512.189,217.894,72.061,24.046,1.177,1.123
"AT1G74510",22.941,24.181,21.642,17.871,13.088,3.823,0.768
"AT1G74690",82.651,70.827,41.781,26.352,20.324,10.672,8.854
"AT1G74780",1.567,2.204,4.43,4.743,6.047,8.8,9.351
"AT1G74920",55.679,58.331,40.92,19.672,14.082,8.606,11.987
"AT1G74960",236.091,336.356,233.236,120.108,72.008,13.509,1.044
"AT1G75020",1.537,1.981,1.351,1.727,1.818,2.063,2.746
"AT1G75230",6.86,7.012,3.407,2.922,2.847,3.72,6.335
"AT1G75270",30.451,24.301,9.474,5.155,4.684,2.241,2.133
"AT1G75410",1.202,1.677,1.374,1.391,1.67,0.673,0.312
"AT1G75420",5.287,7.125,7.725,6.251,5.886,4.507,4.42
"AT1G75490",0.01,0.119,4.31,14.956,39.097,134.793,310.71
"AT1G75840",52.941,43.118,9.945,4.623,4.171,6.773,7.254
"AT1G76390",0.525,0.407,0.658,1.373,1.774,2.617,3.223
"AT1G76400",38.987,37.606,22.811,10.325,7.965,2.199,2.724
"AT1G76490",44.879,60.307,42.219,36.437,27.755,20.193,26.571
"AT1G76650",1.735,1.38,0.297,0.888,0.813,0.071,0.23
"AT1G76660",12.338,14.32,11.805,8.335,7.857,6.467,5.47
"AT1G76680",0.008,0,0.027,0.053,0.152,3.572,4.755
"AT1G76990",6.048,6.553,11.069,28.461,41.932,49.73,42.166
"AT1G77130",6.004,7.146,6.332,6.396,7.355,8.362,10.271
"AT1G77460",1.742,1.771,1.763,1.46,1.274,0.459,0.236
"AT1G77510",64.381,80.846,98.758,34.455,26.192,11.662,8.44
"AT1G77550",17.321,11.367,2.295,1.412,1.007,0.84,2.362
"AT1G77590",195.383,248.345,80.705,31.152,8.926,0.351,0.134
"AT1G77670",36.327,39.165,17.686,12.857,12.883,11.742,16.072
"AT1G77810",6.047,9.916,10.585,7.416,6.157,6.617,6.518
"AT1G77840",33.935,26.772,15.385,12.385,13.8,13.802,12.884
"AT1G78060",22.69,14.58,1.97,0.612,0.218,0.028,0
"AT1G78230",0.029,0.017,0.357,1.055,0.854,0.29,0.096
"AT1G78290",0.125,0.028,0.042,0.1,0.037,0.008,0.01
"AT1G78300",181.8,146.16,79.348,44.371,28.601,7.271,1.526
"AT1G78380",206.813,194.642,106.239,71.147,56.771,112.931,289.05
"AT1G78440",0,0,0.009,0,0,0,0
"AT1G78530",0,0,0,0,0,0,0
"AT1G78700",11.496,12.112,7.399,5.35,6.149,4.031,2.646
"AT1G78850",0.513,0.572,0.045,0.026,0.007,0.033,0.176
"AT1G78860",12.35,13.178,0.447,0.054,0,0,0
"AT1G78880",22.964,21.895,14.42,14.508,17.547,21.021,24.31
"AT1G78900",96.452,103.132,48.657,34.236,33.796,27.504,32.323
"AT1G78915",11.364,10.84,2.648,1.008,0.98,1.562,4.204
"AT1G78950",0.759,0.864,0.208,0.171,0.07,0.013,0.018
"AT1G79340",32.552,30.033,16.359,9.711,8.114,3.242,1.322
"AT1G79460",18.044,24.603,22.597,13.931,11.009,4.638,2.519
"AT1G79650",35.874,30.848,12.525,13.74,18.811,20.479,12.5
"AT1G79860",0.122,0.028,0.011,0,0.007,0,0
"AT1G79930",61.389,48.684,16.979,11.831,10.452,8.168,9.052
"AT1G80270",36.055,19.902,4.725,4.413,3.034,3.019,5.356
"AT1G80360",15.358,17.553,8.16,6.172,5.208,4.923,3.785
"AT1G80440",0.223,0.145,0.062,0.008,0.029,0.019,0.038
"AT1G80530",22.461,30.814,41.575,22.216,10.465,3.313,1.015
"AT1G80820",0,0.003,0.11,0.195,0.099,0.025,0.065
"AT1G80920",12.759,12.943,7.118,4.189,5.156,24.159,187.249
"AT2G01120",20.596,21.982,4.771,2.195,1.137,0.77,1.237
"AT2G01210",15.506,26.315,31.231,5.427,0.847,0.042,0.02
"AT2G01720",64.592,64.446,46.515,28.063,19.169,11.211,10.571
"AT2G02050",224.8,167.486,84.783,55.342,48.53,49.595,49.882
"AT2G02070",29.534,40.908,27.45,14.435,7.506,4.785,6.162
"AT2G02480",6.633,6.651,4.673,2.07,1.02,0.075,0.108
"AT2G03350",61.17,49.019,25.584,20.769,16.605,3.411,0.25
"AT2G04780",31.747,28.473,19.498,12.458,8.731,1.442,0.072
"AT2G05100",424.593,673.024,291.76,91.321,18.973,0.807,0.114
"AT2G05790",97.707,142.73,220.712,212.239,128.417,14.242,1.711
"AT2G05920",84.85,102.686,115.728,140.975,101.369,57.624,27.029
"AT2G07050",46.453,68.555,58.207,35.846,29.189,13.244,3.687
"AT2G07360",14.856,14.686,8.187,5.121,5.061,3.667,5.299
"AT2G10940",7.849,174.845,209.7,80.599,17.8,0.13,0.09
"AT2G13360",43.407,99.292,44.029,12.361,5.365,4.743,13.148
"AT2G13560",42.573,44.082,24.659,14.456,10.402,6.904,9.569
"AT2G13690",27.893,31.771,21.838,11.589,6.905,1.889,1.993
"AT2G15220",0,0.012,0,0,0,0,0
"AT2G15290",124.993,117.698,28.956,15.193,13.917,15.773,17.299
"AT2G15430",47.317,35.988,13.257,8.207,6.395,4.775,6.037
"AT2G15490",0.28,0.301,0.293,0.288,0.167,0.201,0.215
"AT2G15620",3.158,2.583,1.014,0.64,0.476,1.204,3.578
"AT2G15860",27.202,24.159,12.519,7.577,4.905,2.462,3.101
"AT2G15890",6.582,11.975,5.67,2.329,2.695,6.594,27.772
"AT2G16230",5.367,8.104,8.271,6.089,1.598,0.008,0
"AT2G16400",16.211,16.392,6.234,3.909,2.618,0.769,0.162
"AT2G16595",20.157,29.286,38.946,39.001,33.654,22.214,25.137
"AT2G16750",0.119,0.038,0.113,0.248,0.336,0.026,0.008
"AT2G16850",142.968,152.21,35.744,3.597,0.677,0.086,0.125
"AT2G17265",52.112,51.691,21.651,14.128,11.513,10.975,12.611
"AT2G17760",6.527,7.118,6.684,7.344,8.246,8.032,7.843
"AT2G17840",6.733,8.23,13.447,31.22,47.261,73.84,112.96
"AT2G18700",2.725,1.997,0.61,0.554,0.893,3.797,31.03
"AT2G18790",16.655,17.446,14.304,9.937,8.158,5.345,8.135
"AT2G18860",3.693,2.269,1.628,1.547,1.71,2.44,3.41
"AT2G18910",46.984,30.964,13.798,8.83,5.832,2.162,1.122
"AT2G18950",60.867,94.407,54.257,33.451,20.13,6.954,1.618
"AT2G19070",0.101,0,0,0,0,0,0
"AT2G19130",0.031,0.005,0.004,0,0,0,0.006
"AT2G19330",0.165,0.139,0.247,0.148,0.2,0.266,0.766
"AT2G19400",1.252,1.655,1.106,0.436,0.369,0.073,0.037
"AT2G19940",32.999,31.686,11.731,6.31,6.004,3.687,3.271
"AT2G20360",136.34,118.611,46.071,27.182,22.478,17.201,14.49
"AT2G20570",44.674,60.961,6.452,1.007,0.795,0.289,0.286
"AT2G20680",4.345,4.098,5.23,5.118,3.368,1.153,0.404
"AT2G20710",1.207,0.906,0.2,0.212,0.136,0.088,0.138
"AT2G21240",30.158,31.432,29.364,30.092,33.783,38.198,39.966
"AT2G21250",164.406,158.811,60.787,15.858,4.569,0.319,0.205
"AT2G21390",33.363,33.224,18.103,10.514,8.536,6.306,8.732
"AT2G21520",27.456,33.918,32.162,22.863,16.227,10.108,10.409
"AT2G21820",1.692,14.516,109.911,185.133,274.947,1319.367,2418.524
"AT2G22125",9.517,9.759,11.979,10.763,8.515,4.313,3.494
"AT2G22170",8.904,23.793,36.036,67.279,49.201,7.792,0.454
"AT2G22250",21.178,24.13,14.396,9.427,5.915,2.796,1.721
"AT2G22600",8.703,10.183,2.223,0.957,0.434,0.299,0.494
"AT2G22670",329.413,313.469,183.926,93.794,67.169,19.294,6.041
"AT2G22840",74.502,78.142,42.085,26.355,23.186,27.001,24.361
"AT2G23060",0.91,0.761,0.14,0.082,0.023,0,0
"AT2G23150",7.239,6.297,3.556,3.174,2.04,0.576,0.386
"AT2G23180",0.687,1.33,9.831,7.717,5.389,4.663,1.549
"AT2G23620",0,0,0.09,0.187,0.76,5.256,9.194
"AT2G23640",1.669,16.144,165.959,263.675,340.462,525.782,664.903
"AT2G24060",60.757,60.822,9.636,3.626,2.744,1.919,4.633
"AT2G24520",2.294,2.897,2.408,1.573,1.396,1.231,1.474
"AT2G24765",65.596,64.8,40.636,21.105,13.849,5.395,5.718
"AT2G25180",14.938,14.005,8.928,5.081,3.819,2.9,3.904
"AT2G25490",29.944,27.51,15.338,12.026,13.351,16.624,19.566
"AT2G25790",5.58,7.712,8.407,7.953,6.479,2.581,1.112
"AT2G25800",8.223,8.911,8.362,7.223,5.92,2.46,1.71
"AT2G26080",55.424,53.435,42.658,33.719,16.818,5.848,6.208
"AT2G26150",0.515,0.684,1.261,3.096,8.437,10.233,11.501
"AT2G26330",71.86,81.423,58.337,35.294,22.834,2.59,0.894
"AT2G26490",0.343,0.078,0.018,0,0.031,0,0
"AT2G26580",17.821,16.696,11.728,13.138,12.583,6.428,0.349
"AT2G26730",33.057,31.617,16.231,10.732,3.952,0.224,0.054
"AT2G27040",155.899,162.943,139.362,126.13,110.636,46.573,14.605
"AT2G27150",0.373,0.448,0.461,0.49,0.534,1.196,1.96
"AT2G27230",39.365,33.173,21.545,12.044,8.309,2.838,2.361
"AT2G27300",0,0,0.04,0.063,0.112,0.045,0
"AT2G27310",0.415,0.119,0.069,0.382,0.896,4.698,13.567
"AT2G27810",24,27.148,23.202,16.611,11.152,3.622,1.839
"AT2G28350",7.566,10.214,9.721,7.225,5.464,2.862,2.854
"AT2G28470",8.27,13.756,16.098,10.793,9.361,4.084,2.377
"AT2G28680",0.014,0,0,0,0,0,0
"AT2G28710",0,0,0,0,0,0,0
"AT2G28760",1.899,2.541,1.684,0.896,0.486,0.035,0.028
"AT2G29050",14.355,15.147,9.865,4.99,2.326,0.338,0.113
"AT2G29900",15.822,20.109,16.954,13.306,8.995,5.214,4.188
"AT2G30580",14.95,19.333,17.036,10.831,8.972,3.508,1.361
"AT2G30860",2.774,3.018,18.835,13.667,21.674,47.015,43.911
"AT2G30950",49.154,61.178,24.553,17.891,15.948,21.722,13.768
"AT2G30980",68.191,62.899,31.541,19.589,14.777,7.261,5.37
"AT2G31130",2.123,2.65,2.78,3.785,4.228,6.205,13.031
"AT2G32060",550.335,301.615,96.782,71.97,57.528,30.158,32.926
"AT2G32540",0,0,0.004,0,0.023,0,0.34
"AT2G32720",30.372,28.214,26.344,15.609,9.113,2.375,0.785
"AT2G33150",126.873,153.077,108.889,85.117,102.606,163.425,339.804
"AT2G33255",56.436,48.14,19.675,11.309,10.492,5.67,4.04
"AT2G33310",9.95,7.179,4.67,3.997,5.568,11.562,27.974
"AT2G33630",17.697,23.25,13.369,2.809,0.896,0.235,0.179
"AT2G33710",0.071,0.052,0.007,0,0.023,0,0
"AT2G34250",226.388,296.685,372.197,237.25,170.658,69.455,35.679
"AT2G34410",4.923,5.798,5.282,4.606,4.181,3.647,4.622
"AT2G34470",55.259,49.131,28.384,13.808,9.588,8.551,10.771
"AT2G34480",1810.892,1098.525,309.845,216.406,205.392,143.265,150.056
"AT2G34500",0.068,0.031,0,0.02,0.029,0.027,0
"AT2G34580",0.255,0.235,0.02,0,0,0,0
"AT2G34660",10.205,10.99,18.4,16.925,13.113,8.852,5.557
"AT2G34710",46.707,44.989,23.337,14.264,13.349,4.34,2.45
"AT2G34780",7.824,6.531,3.049,2.705,2.861,3.655,4.846
"AT2G35040",66.495,50.359,12.202,7.966,7.766,8.781,15.011
"AT2G35120",112.963,78.205,39.997,34.984,40.056,76.404,112.798
"AT2G35330",16.645,20.726,18.524,14.546,12.803,8.528,8.314
"AT2G35350",6.014,5.762,3.834,1.787,1.293,0.227,0.203
"AT2G35470",19.031,29.278,64.947,40.337,21.014,2.928,0.288
"AT2G35880",12.225,13.777,16.518,9.463,5.013,1.626,0.447
"AT2G35930",0.011,0,0,0,0.019,0,0
"AT2G36000",33.822,30.82,6.348,3.225,1.966,1.371,2.723
"AT2G36410",23.396,19.97,7.996,7.266,7.895,12.323,18.318
"AT2G36460",21.56,37.824,52.673,45.475,46.709,95.709,128.269
"AT2G36490",26.175,34.953,30.889,22.002,19.564,15.275,18.142
"AT2G36530",916.767,897.956,329.529,150.255,86.486,27.823,21.697
"AT2G36620",625.022,381.716,129.108,80.115,66.837,23.748,21.488
"AT2G36690",0.105,0.509,1.151,0.369,0.053,0.01,0.085
"AT2G37080",82.995,79.309,11.359,2.409,3.24,4.37,2.005
"AT2G37170",2.717,2.112,0.971,0.264,0.08,0.11,0.538
"AT2G37270",355.687,212.213,61.391,38.768,36.016,20.267,21.875
"AT2G37430",0,0.007,0.013,0.012,0.022,0.029,0
"AT2G37500",34.109,33.667,11.983,8.116,7.685,4.211,5.198
"AT2G37970",17.95,21.802,42.628,61.4,81.562,161.492,287.445
"AT2G38280",22.343,20.343,7.563,3.81,3.419,3.575,7.438
"AT2G38370",22.419,23.381,15.873,9.502,6.74,4.256,4.674
"AT2G38470",0.301,0.384,0.08,0.219,0.296,0.206,0.19
"AT2G38720",5.538,6.22,0.51,0.295,0.134,0.006,0.055
"AT2G38800",0.191,0.545,1.087,0.888,1.238,4.139,21.738
"AT2G39200",0.009,0.01,0,0,0,0.007,0.009
"AT2G39210",0.015,0.032,0.015,0.019,0.005,0.044,0.252
"AT2G39220",21.582,30.947,6.67,1.413,0.61,0.338,0.535
"AT2G39770",78.103,78.703,45.739,31.042,27.375,19.733,17.145
"AT2G39800",57.894,42.206,4.238,1.764,1.515,0.474,0.242
"AT2G39805",12.215,13.939,16.81,14.447,15.658,14.663,11.665
"AT2G39830",0.217,0.18,0.27,1.154,1.321,1.115,0.667
"AT2G39840",22.678,19.525,9.884,7.95,6.648,7.849,7.421
"AT2G39890",12.963,16.596,8.229,5.642,2.747,0.274,0.084
"AT2G39900",37.206,42.598,25.372,10.61,3.394,0.115,0.014
"AT2G39940",12.209,11.352,6.957,5.192,4.735,4.803,7.024
"AT2G40000",4.216,4.447,1.943,3.103,3.33,1.915,9.743
"AT2G40270",0.648,0.601,0.379,0.441,0.636,0.357,0.296
"AT2G40300",26.598,13.826,6.754,4.862,4.242,17.458,11.303
"AT2G40340",0.118,0.186,0.112,0.247,0.414,1.835,6.194
"AT2G40350",0.02,0.009,0,0,0,0.268,0.508
"AT2G40370",0,0,0.556,0.73,0.123,0.007,0.008
"AT2G40410",9.506,8.675,4.732,3.521,3.36,1.76,2.91
"AT2G40435",0.033,1.812,24.759,10.812,3.897,0.793,0.613
"AT2G40660",80.537,61.086,24.325,16.826,13.951,10.766,11.42
"AT2G40820",24.765,32.401,28.482,13.419,5.405,0.288,0.038
"AT2G40940",8.579,10.99,5.981,2.239,1.179,0.057,0.006
"AT2G41540",34.412,40.166,31.01,24.905,18.584,6.02,2.954
"AT2G41820",12.897,17.066,12.682,8,4.002,0.699,0.246
"AT2G41870",0.046,0.145,0.218,0.074,0.045,0.038,0.056
"AT2G41900",39.531,36.313,16.098,7.839,3.246,0.208,0.035
"AT2G42280",1.283,0.725,0.146,0.675,2.361,5.629,12.634
"AT2G42490",11.067,14.005,12.893,11.031,13.258,11.386,13.185
"AT2G42520",20.473,20.569,10.823,7.421,6.394,5.23,6.271
"AT2G42580",12.032,11.928,7.862,4.861,3.18,1.024,0.32
"AT2G42590",153.453,155.453,63.918,30.023,21.917,11.078,11.89
"AT2G42760",0.307,0.626,0.327,0.13,0.036,0,0
"AT2G42790",7.12,9.129,14,17.609,43.534,112.395,231.544
"AT2G42810",25.606,18.473,7.002,5.426,6.093,5.128,8.905
"AT2G43090",274.714,222.473,84.371,52.923,44.609,43.423,53.62
"AT2G43840",2.836,3.529,1.809,2.416,1.607,0.513,0.121
"AT2G44610",81.718,82.144,43.333,20.862,13.6,7.751,8.782
"AT2G44830",24.177,22.298,13.246,10.308,4.729,0.596,0.096
"AT2G45300",32.674,29.887,5.384,1.542,0.363,0.067,0.02
"AT2G45480",25.899,21.076,11.961,13.354,15.434,17.422,18.252
"AT2G45550",0,0,0,0,0.006,0,0.04
"AT2G45790",74.406,62.193,11.993,2.022,1.685,0.689,0.686
"AT2G46000",8.162,9.05,5.962,3.904,2.508,1.483,1.514
"AT2G46210",0.025,0.014,0.015,0.036,0.035,0.018,0
"AT2G46225",20.898,21.209,40.222,43.091,41.021,22.874,11.204
"AT2G46370",5.69,7.454,6.02,4.924,4.262,2.596,3.131
"AT2G46500",21.358,20.984,16.434,11.706,11.384,10.471,11.576
"AT2G46680",0.757,1.53,1.687,0.603,0.311,0.477,1.335
"AT2G46690",40.886,35.707,28.777,26.467,14.619,3.026,3.885
"AT2G46810",2.266,2.622,0.866,0.758,0.504,0.151,0.225
"AT2G46915",11.417,17.427,15.906,14.367,10.376,5.475,4.267
"AT2G46920",19.188,19.923,10.945,6.091,3.823,1.995,1.783
"AT2G47010",1.39,1.384,0.869,0.3,0.132,0.04,0.09
"AT2G47500",7.51,7.727,1.262,0.429,0.159,0,0
"AT3G01400",2.798,4.101,11.137,15.559,18.39,20.563,23.736
"AT3G01420",0.022,0.015,0.04,0.653,0.199,0.064,0.008
"AT3G01490",0.071,0.098,0.064,0.167,0.459,5.139,10.366
"AT3G01790",46.864,28.528,7.971,5.936,5.888,6.806,14.465
"AT3G01810",12.632,14.274,14.762,9.279,4.339,0.198,0.034
"AT3G01930",2.168,2.814,3.45,7.312,11.477,18.743,12.506
"AT3G01990",0.044,0.01,0.008,0.03,0.214,6.5,19.218
"AT3G02050",11.618,10.754,5.446,3.091,1.822,0.437,0.444
"AT3G02100",0,0,0,0,0,0,0
"AT3G02230",309.149,255.281,105.083,38.732,20.981,6.124,3.54
"AT3G02380",11.24,14.287,8.205,2.868,1.949,1.31,1.208
"AT3G02750",12.723,14.821,12.642,7.62,10.481,15.055,14.433
"AT3G02870",50.637,45.332,17.955,6.775,3.043,1.127,0.723
"AT3G03380",13.108,11.307,6.412,5.206,5.004,3.881,6.447
"AT3G03450",4.531,10.07,9.13,3.986,3.086,3.196,2.353
"AT3G03920",249.513,113.652,23.922,23.162,24.108,34.75,84.844
"AT3G04070",0.053,0.025,0,0,0,0.009,0.022
"AT3G04120",1620.05,1621.081,527.958,197.469,95.511,27.139,18.589
"AT3G04720",0.03,0.012,0.09,0.24,0.652,7.262,9.549
"AT3G04840",1386.076,830.273,268.364,166.686,150.289,52.697,51.019
"AT3G05040",8.034,10.305,9.223,7.808,7.037,4.477,4.25
"AT3G05220",31.053,30.185,17.945,17.952,21.739,27.154,43.099
"AT3G05320",4.163,8.839,13.87,15.395,15.58,7.396,1.704
"AT3G06080",3.987,2.834,0.194,0.124,0.24,0.339,0.914
"AT3G06130",29.508,31.679,15.866,5.39,1.815,0.114,0.102
"AT3G06390",0.159,0.094,0.161,0.65,0.129,0.167,0.543
"AT3G06650",66.637,86.215,34.784,12.032,6.37,2.023,0.271
"AT3G06730",83.829,53.126,3.545,2.248,3.322,8.347,16.947
"AT3G06980",25.907,23.701,3.546,1.966,1.746,2.499,6.805
"AT3G07310",4.017,2.549,0.195,0.089,0.221,3.677,36.303
"AT3G07350",0.171,0.619,0.048,0.008,0.009,0.016,0.326
"AT3G07560",38.054,36.59,21.802,23.813,30.252,67.134,127.523
"AT3G07680",111.698,124.893,112.947,75.254,66.702,60.092,62.86
"AT3G07890",13.121,13.907,9.725,7.484,6.16,6.433,10.285
"AT3G08510",23.129,29.312,29.792,25.626,25.532,24.12,23.047
"AT3G08760",10.786,11.482,9.022,10.255,9.594,9.048,9.479
"AT3G08860",0.065,0.23,0.534,2.852,0.209,0.056,0.006
"AT3G09030",4.306,6.343,6.298,6.972,6.705,9.577,12.526
"AT3G09230",5.871,7.702,4.071,3.793,2.613,2.007,2.34
"AT3G09270",0.93,0.788,0.127,0.011,0,0,0
"AT3G10020",14.204,18.806,2.76,1.323,4.156,134.621,729.621
"AT3G10230",19.659,19.504,10.29,9.42,8.503,6.942,6.049
"AT3G10670",52.727,58.982,18.919,11.061,13.241,16.97,21.531
"AT3G10970",43.226,41.149,11.255,9.122,8.804,12.731,17.343
"AT3G11050",11.756,10.641,58.405,169.1,434.76,1233.181,1484.444
"AT3G11110",0.032,0.044,0.327,0.459,0.792,3.414,1.17
"AT3G11130",22.719,19.153,11.709,7.929,5.679,4.278,5.905
"AT3G11180",1.764,1.167,0.074,0.124,0.029,0,0
"AT3G11420",0.911,1.094,1.038,1.518,2.476,12.248,18.937
"AT3G11590",9.702,7.489,2.418,1.021,0.758,0.549,0.622
"AT3G11660",2.761,0.582,0.288,0.386,0.145,0,0
"AT3G12120",436.221,731.299,919.838,827.204,562.542,167.339,22.177
"AT3G12280",24.045,22.397,6.883,5.613,5.155,6.063,8.802
"AT3G12490",113.185,165.192,240.892,231.82,356.015,775.32,1151.542
"AT3G13510",42.714,47.855,64.48,93.054,54.789,14.215,2.879
"AT3G13580",127.236,87.559,51.227,39.809,32.866,12.418,15.778
"AT3G13690",28.321,30.998,10.458,5.202,3.427,0.838,0.328
"AT3G13750",21.899,25.555,17.186,7.573,1.48,0.028,0.021
"AT3G13772",25.97,25.468,17.884,12.442,10.486,9.244,14.236
"AT3G13790",14.958,17.844,2.744,0.39,0.052,0.016,0.006
"AT3G13920",438.639,305.978,89.896,61.158,54.113,38.869,55.583
"AT3G13930",44.454,35.944,17.214,10.76,9.551,7.166,6.704
"AT3G13960",118.73,109.571,65.452,49.711,34.586,5.612,1.248
"AT3G14240",44.749,76.353,92.199,58.515,21.023,2.003,0.755
"AT3G14610",1.184,1.08,1.531,2.037,2.349,2.461,4.253
"AT3G14640",0.258,0.163,0.155,0.113,0.151,0.084,0.091
"AT3G14680",0,0,0,0.008,0.062,0.396,1.729
"AT3G14750",3.433,3.386,2.273,2.33,2.032,2.82,4.336
"AT3G14840",8.7,10.196,3.525,1.324,0.765,0.15,0.136
"AT3G14870",6.734,7.188,8.329,6.359,4.166,1.019,0.318
"AT3G14920",10.219,8.555,5.715,6.488,6.853,11.606,16.892
"AT3G15095",32.557,49.836,37.774,29.892,18.662,7.609,3.238
"AT3G15210",28.466,36.087,43.004,64.12,60.734,32.885,23.434
"AT3G15260",38.763,47.354,72.248,136.335,220.123,397.295,495.126
"AT3G15380",13.706,12.648,9.302,8.201,7.843,7.15,5.734
"AT3G15430",6.267,6.189,4.485,4.909,5.291,6.682,5.656
"AT3G15460",29.319,17.581,6.224,7.208,7.423,10.371,13
"AT3G15500",0,0.004,0.094,0.341,0.075,0.025,0.048
"AT3G15510",1.688,0.961,0.58,0.877,0.214,0.234,0.126
"AT3G15820",108.865,195.952,159.706,86.063,27.763,1.066,0.05
"AT3G15840",0.262,2.263,4.04,3.377,1.804,3.278,5.979
"AT3G15850",26.274,26.517,11.395,9.848,7.288,6.867,18.869
"AT3G15940",12.482,15.547,12.556,8.287,5.586,2.22,1.729
"AT3G16110",12.366,13.267,12.289,9.59,6.879,6.143,12.989
"AT3G16170",10.123,17.791,17.915,12.921,10.243,7.476,7.784
"AT3G16350",1.256,1.012,1.421,1.804,2.071,2.531,1.987
"AT3G16490",13.263,15.362,10.976,14.985,16.901,15.862,5.056
"AT3G16500",9.3,10.149,7.135,4.559,2.516,0.935,0.588
"AT3G16630",27.078,29.786,21.585,13.786,10.402,4.625,3.546
"AT3G16910",17.561,22.879,11.226,6.134,6.97,9.04,18.947
"AT3G17430",10.367,11.252,8.268,5.708,3.917,1.794,0.796
"AT3G17510",3.542,3.985,3.35,1.972,2.143,1.415,2.875
"AT3G17770",29.217,32.513,15.031,10.002,10.394,8.703,12.611
"AT3G17810",27.47,61.241,126.195,99.607,86.095,92.475,122.262
"AT3G17840",75.566,93.096,71.314,29.421,6.699,0.331,0.152
"AT3G17940",50.96,64.165,51.12,32.902,25.655,17.716,8.448
"AT3G18050",11.907,20.731,9.082,2.09,0.625,0.1,0.012
"AT3G18490",68.731,92.989,109.885,126.848,88.443,58.037,41.659
"AT3G19260",8.038,7.791,7.817,7.704,8.869,7.216,5.776
"AT3G19300",5.05,4.985,3.965,1.908,0.932,0.181,0.068
"AT3G19570",6.92,7.523,6.024,4.247,2.722,1.007,0.876
"AT3G19960",9.222,14.322,19.402,25.636,31.813,63.351,112.731
"AT3G20020",20.633,17.023,7.736,6.468,5.094,4.052,6.303
"AT3G20330",65.564,59.408,16.387,11.009,8.089,4.329,3.848
"AT3G20390",217.985,189.084,52.695,25.954,13.806,4.89,3.577
"AT3G20395",3.061,2.526,0.36,0.271,0.068,0,0
"AT3G20790",32.402,34.758,27.229,13.146,5.635,0.419,0.069
"AT3G20860",0.669,1.272,1.89,0.695,0.234,0.011,0
"AT3G21090",91.81,103.315,56.132,33.109,25.641,4.543,0.334
"AT3G21100",31.915,27.25,12.537,7.578,5.288,2.793,3.396
"AT3G21110",30.168,20.944,4.571,4.419,4.104,4.578,5.44
"AT3G21190",12.269,11.585,18.016,16.417,11.331,2.739,1.058
"AT3G21420",3.201,3.184,2.756,0.864,0.318,0.054,0
"AT3G21480",5.493,4.804,1.802,1.581,1.46,1.069,1.447
"AT3G21720",0.435,9.663,61.094,116.194,162.058,280.532,656.282
"AT3G22200",38.917,66.562,33.983,10.022,6.788,10.782,14.736
"AT3G22530",0,0,0,0,0,0,0
"AT3G22550",42.722,46.574,37.526,19.432,6.115,0.354,0.087
"AT3G22790",15.841,12.965,8.736,4.673,2.702,0.361,0.239
"AT3G22845",104.522,117.774,118.099,102.087,83.936,63.511,52.179
"AT3G22960",365.151,532.266,317.117,182.379,124.03,36.026,16.907
"AT3G22970",16.54,13.925,9.303,5.44,4.108,2.3,1.875
"AT3G23000",10.324,9.865,3.454,2.094,1.268,0.334,0.075
"AT3G23090",2.229,8.153,116.036,177.236,173.071,102.019,24.53
"AT3G23250",0,0,0.023,0.597,1.187,0.278,0.054
"AT3G23730",10.894,18.472,13.231,5.856,3.575,1.035,0.128
"AT3G23750",12.768,14.269,11.411,7.827,5.78,3.517,2.78
"AT3G24503",16.1,17.462,17.792,19.229,28.217,47.165,39.099
"AT3G24630",3.397,4.202,4.112,3.177,3.22,2.614,2.683
"AT3G25500",8.168,12.732,20.447,14.827,5.096,0.322,0.198
"AT3G25690",3.837,7.217,2.285,0.553,0.402,0.107,0.05
"AT3G25800",38.684,35.428,25.509,21.213,20.955,18.747,22.413
"AT3G26070",68.295,90.137,62.133,44.399,34.254,19.931,21.118
"AT3G26300",1.025,1.581,5.225,10.716,11.748,11.683,6.229
"AT3G26370",18.315,22.006,16.042,10.068,7.871,4.842,4.801
"AT3G26430",0.275,0.305,0.159,0.256,0.187,0.221,0.267
"AT3G26560",22.094,18.548,8.62,7.281,6.996,7.668,10.631
"AT3G26780",37.663,26.562,9.307,6.111,5.856,6.264,7.263
"AT3G26790",47.399,75.582,63.441,39.266,36.796,17.75,5.261
"AT3G26935",31.373,29.876,20.175,17.404,13.776,9.203,9.044
"AT3G27740",109.492,88.949,28.299,20.005,16.156,9.693,11.568
"AT3G28460",23.357,21.599,5.189,3.032,2.328,2.126,3.907
"AT3G29075",8.949,10.06,3.896,2.071,1.7,2.413,2.751
"AT3G29200",45.001,55.976,66.731,75.227,37.857,12.33,4.357
"AT3G29310",22.945,18.566,11.135,7.658,5.12,4.473,8.407
"AT3G29360",33.944,28.758,14.884,9.934,12.825,21.154,11.694
"AT3G29590",0.194,0.029,0,0,0,0,0
"AT3G30380",5.991,7.333,6.165,6.87,8.043,9.644,13.244
"AT3G30841",6.595,8.999,11.191,8.464,8.862,8.019,5.553
"AT3G43270",1.883,4.487,12.214,12.857,8.617,2.283,0.833
"AT3G43300",11.056,11.564,8.848,6.339,5.489,3.462,5.803
"AT3G43660",0,0,0,0,0,0,0
"AT3G43930",0.243,0.224,0.084,0.02,0.043,0.088,0.02
"AT3G44330",39.749,31.014,10.178,5.31,4.226,1.979,3.066
"AT3G44340",15.705,18.536,15.867,10.112,9.154,5.263,4.708
"AT3G45260",5.925,7.408,7.61,6.555,4.887,0.554,0.128
"AT3G45600",31.942,28.36,4.844,1.273,0.437,0.228,0.912
"AT3G46540",1.576,3.135,2.846,1.429,1.126,0.264,0.109
"AT3G47500",4.19,7.181,17.578,21.945,25.464,20.141,13.575
"AT3G47590",9.928,10.226,5.574,2.346,1.12,0.779,1.052
"AT3G47730",3.49,3.998,2.462,2.393,2.059,2.832,4.596
"AT3G47780",0.338,0.324,0.158,0.302,0.337,0.398,0.563
"AT3G48240",1.86,2.77,4.545,1.581,0.924,3.689,11.483
"AT3G48260",0,0,0,0,0.046,0.158,0.244
"AT3G48500",55.76,37.529,2.698,1.682,1.541,2.664,7.834
"AT3G48560",154.145,150.585,67.143,42.971,35.889,27.892,48.995
"AT3G48680",67.65,58.695,41.704,36.078,36.503,38.971,57.302
"AT3G49010",1068.546,628.425,187.371,114.429,103.598,42.987,56.804
"AT3G49050",5.875,6.287,5.088,4.815,4.356,2.139,1.635
"AT3G49590",5.478,6.346,5.485,3.213,2.003,0.487,0.198
"AT3G49600",8.978,8.228,3.774,2.745,2.363,2.14,2.481
"AT3G49870",20.452,11.2,2.058,1.016,0.977,3.236,10.244
"AT3G50260",0,0,0,0.058,0,0,0.016
"AT3G50830",7.028,7.984,9.897,9.446,11.854,30.582,45.429
"AT3G51160",23.489,24.872,18.161,9.576,6.038,3.586,3.006
"AT3G51290",35.851,35.876,18.124,5.704,0.938,0.009,0.022
"AT3G51520",32.713,45.189,45.954,32.849,16.597,6.977,5.317
"AT3G51550",23.991,38.119,44.557,36.592,27.184,18.565,15.407
"AT3G51860",8.747,29.369,89.174,94.606,116.805,130.444,154.273
"AT3G52300",379.692,301.551,122.197,59.705,43.631,27.61,35.517
"AT3G52490",6.615,5.459,3.096,2.096,1.265,0.659,0.553
"AT3G52590",1505.503,912.207,341.065,255.768,214.286,83.749,94.157
"AT3G52610",13.108,13.524,6.375,3.72,2.785,2.076,1.928
"AT3G52880",70.915,86.156,20.047,4.591,1.74,0.356,0.244
"AT3G53760",9.765,10.45,7.867,5.221,3.64,1.184,0.966
"AT3G53990",9.29,24.638,123.983,106.557,107.195,83.666,50.811
"AT3G54020",6.801,6.856,3.395,2.625,2.276,3.616,6.311
"AT3G54110",91.806,77.845,26.327,10.866,8.125,5.754,6.308
"AT3G54140",2.677,0.648,0.217,0.223,0.174,8.43,31.508
"AT3G54470",119.875,86.011,23.572,13.814,10.615,4.519,3.373
"AT3G54700",0.008,0,0.005,0.005,0.006,0.437,0.238
"AT3G54720",11.66,10.937,9.491,5.678,4.04,1.871,5.556
"AT3G54790",9.04,7.466,3.305,2.252,2.003,1.181,0.746
"AT3G55005",31.947,31.799,19.954,12.465,8.301,2.631,1.271
"AT3G55440",701.376,785.283,381.461,172.752,90.464,20.687,12.938
"AT3G55470",5.187,3.464,2.35,3.161,2.769,3.282,1.621
"AT3G56130",185.538,200.116,87.241,40.595,26.119,6.294,4.214
"AT3G56220",11.844,43.948,22.084,1.848,0.157,0.015,0
"AT3G56850",49.238,52.394,58.289,53.656,45.202,26.134,11.796
"AT3G56990",16.13,10.105,2.079,2.281,3.332,4.565,7.697
"AT3G57270",0.045,0,0.009,0,0,0.03,0.014
"AT3G57330",0.237,0.232,0.06,0.09,0.007,0,0
"AT3G57520",28.305,21.374,2.953,1.88,2.083,2.673,7.053
"AT3G57600",0.766,1.613,0.745,0.519,0.472,0.219,0.152
"AT3G57610",121.683,84.454,12.491,7.9,6.268,5.886,6.472
"AT3G57650",56.056,67.518,42.95,27.105,19.06,7.382,4.223
"AT3G57680",0.42,1.184,2.969,3.373,4.267,4.652,3.588
"AT3G57880",37.4,37.835,21.551,15.168,12.054,16.496,33.111
"AT3G58500",136.755,114.295,53.121,35.715,32.247,31.564,39.58
"AT3G58610",350.54,265.995,87.18,56.692,53.282,31.931,49.984
"AT3G58640",9.667,11.461,10.07,5.114,3.464,1.85,2.157
"AT3G58690",13.452,18.331,24.739,22.392,20.687,7.26,1.537
"AT3G58790",0.371,0.708,4.309,5.796,6.635,2.417,0.732
"AT3G59890",27.288,13.737,3.061,1.992,1.761,1.535,1.476
"AT3G59980",59.318,44.398,6.69,3.014,2.695,5.318,7.538
"AT3G60360",32.807,21.663,5.599,5.221,6.34,8.567,15.532
"AT3G60380",8.242,8.06,3.433,2.34,1.616,0.79,1.02
"AT3G60730",0.388,0.332,45.238,676.453,676.002,326.881,22.886
"AT3G60740",6.762,6.361,4.072,15.632,20.761,10.925,2.95
"AT3G60820",263.182,218.903,101.634,60.549,48.93,49.783,52.556
"AT3G60860",8.917,10.215,8.87,6.017,4.283,2.292,2.824
"AT3G60900",54.014,71.153,30.658,9.889,2.538,0.384,0.096
"AT3G61050",49.165,50.962,34.441,29.134,30.004,34.499,39.943
"AT3G61060",1.34,1.105,0.658,0.529,0.779,1.331,3.03
"AT3G61130",22.161,22.742,15.071,13.136,12.557,7.318,6.062
"AT3G61220",16.682,35.373,67.971,55.106,47.148,24.141,3.283
"AT3G61260",34.081,50.763,69.034,57.72,64.278,86.043,134.214
"AT3G61460",4.864,2.315,0.72,0.613,0.279,0.575,0.863
"AT3G61470",487.513,842.114,239.973,45.804,11.516,0.72,0.102
"AT3G61950",5.89,5.199,1.758,0.238,0.141,0.03,0.07
"AT3G62290",373.573,401.151,294.622,182.264,130.13,105.796,149.969
"AT3G62420",24.493,25.052,26.196,33.604,44.113,50.802,32.927
"AT3G62860",1.143,1.287,0.215,0.067,0.096,0.226,3.622
"AT3G63170",139.518,205.571,137.769,69.28,51.721,53.535,60.431
"AT3G63420",4.546,4.945,2.923,2.386,2.011,1.886,3.227
"AT3G66658",21.807,27.258,20.854,11.999,6.857,2.818,1.748
"AT4G00150",1.523,2.052,2.565,2.904,2.422,1.702,0.434
"AT4G00340",6.056,7.581,7.623,8.781,8.227,7.086,6.811
"AT4G00740",26.253,28.883,20.434,16.952,13.407,7.122,6.471
"AT4G00820",56.275,45.502,17.012,11.094,5.322,0.368,0.008
"AT4G00950",7.067,7.55,5.831,3.012,4.038,4.846,0.516
"AT4G01070",0.175,0.079,0.519,3.008,1.367,0.186,0.256
"AT4G01150",400.935,555.216,177.035,55.629,25.923,5.129,5.533
"AT4G01210",11.56,13.98,10.628,7.635,5.892,2.608,1.707
"AT4G01900",502.701,698.094,437.409,205.055,107.15,24.658,6.046
"AT4G02100",7.526,7.089,3.101,1.122,0.297,0.006,0
"AT4G02340",58.085,75.883,54.039,43.054,34.214,27.508,18.469
"AT4G02400",29.565,23.167,8.537,7.173,7.227,6.79,10.07
"AT4G02450",464.025,269.072,80.062,64.224,69.216,97.913,153.57
"AT4G02600",5.531,4.269,2.767,2.605,2.389,1.856,3.401
"AT4G02920",17.193,23.221,19.69,18.88,20.502,30.651,50.427
"AT4G03210",160.763,89.857,9.657,1.84,0.256,0.028,0.012
"AT4G03280",376.513,553.733,227.83,96.785,83.217,81.829,22.056
"AT4G03390",6.736,9.707,13.182,12.819,13.335,14.515,12.942
"AT4G03550",10.146,9.246,3.888,2.101,1.768,2.634,4.724
"AT4G04640",267.593,360.557,123.778,33.784,6.146,0.355,0.024
"AT4G04720",21.225,18.789,7.601,4.643,3.293,1.98,2.239
"AT4G04880",7.441,7.631,5.739,3.877,4.489,3.706,4.977
"AT4G04910",32.362,30.356,15.732,8.442,6.521,3.905,4.63
"AT4G04920",7.747,7.154,4.648,4.192,4.374,3.372,4.269
"AT4G05160",8.207,11.938,15.442,10.982,7.396,5.978,9.34
"AT4G05320",457.217,460.079,404.18,354.956,295.571,313.21,457.478
"AT4G07410",24.454,22.986,8.683,7.069,7.659,6.078,11.166
"AT4G08790",11.662,9.341,4.929,3.969,4.017,3.15,2.681
"AT4G09160",56.488,58.088,36.011,16.075,6.818,1.32,1.679
"AT4G09320",2184.386,1275.606,466.078,303.963,241.435,104.615,115.243
"AT4G10150",15.534,14.271,9.018,6.632,1.898,0.365,0.262
"AT4G10160",0.089,0,0,0,0,0,0
"AT4G10320",39.382,30.85,13.172,9.397,9.756,7.376,10.992
"AT4G11010",128.217,127.197,112.898,61.946,42.877,14.85,9.959
"AT4G11400",3.116,2.242,1.371,0.984,0.89,1.1,1.276
"AT4G11410",4.897,5.107,3.678,3.002,2.441,1.754,1.966
"AT4G11600",46.656,65.059,92.507,105.089,181.105,381.782,664.733
"AT4G11720",0.903,0.793,0.083,0.039,0.023,0,0
"AT4G11920",4.377,4.888,3.161,2.94,3.147,4.05,5.918
"AT4G12300",0.497,1.039,1.938,2.78,2.839,2.98,4.798
"AT4G12560",10.769,16.793,19.392,12.177,6.502,4.608,12.982
"AT4G12650",76.465,80.471,59.373,41.891,30.933,14.771,9.175
"AT4G13010",58.797,79.386,143.701,192.651,221.252,273.879,277.764
"AT4G13250",24.269,33.005,21.578,18.024,24.191,75.413,175.433
"AT4G13360",47.803,60.768,53.977,33.018,26.709,24.355,41.191
"AT4G13460",11.435,10.934,11.238,11.062,9.832,7.072,5.928
"AT4G13510",0,0,0,0,0,0,0
"AT4G13850",267.389,107.481,33.566,34.892,42.972,52.676,104.258
"AT4G13930",193.355,247.557,232.128,149.173,57.981,12.372,5.921
"AT4G14240",4.726,6.506,7.194,5.681,4.23,3.871,4.319
"AT4G14420",211.837,170.466,63.489,19.014,10.843,2.092,1.232
"AT4G14580",0.317,0.249,0.049,0.022,0.033,0,0.01
"AT4G14605",20.55,20.48,4.244,1.854,0.927,0.189,0.114
"AT4G14880",78.752,118.76,97.389,65.087,69.641,82.443,90.134
"AT4G15080",13.543,12.201,6.278,5.743,5.079,3.471,2.591
"AT4G15610",0,0,0.019,0.008,0.045,0.095,0.026
"AT4G15630",79.979,96.351,73.729,53.863,50.801,46.373,112.718
"AT4G15790",83.439,62.478,11.968,6.97,2.48,0.609,0.117
"AT4G15840",8.161,10.621,9.262,7.24,7.306,5.732,6.908
"AT4G15930",49.54,52.253,64.648,59.767,37.761,19.591,10.375
"AT4G16360",40.404,48.462,38.359,27.101,22.002,21.452,19.666
"AT4G16630",19.555,11.422,4.586,5.911,5.913,7.539,13.386
"AT4G17510",55.313,44.7,28.81,20.876,18.848,24.575,36.072
"AT4G17550",33.494,50.72,35.516,24.172,28.44,39.004,34.972
"AT4G17810",13.009,19.929,8.824,3.72,2.191,0.447,0.812
"AT4G17900",1.673,1.3,2.365,3.786,3.32,2.122,3.223
"AT4G17950",32.677,25.831,10.25,6.95,7.473,8.749,10.34
"AT4G18020",45.226,63.656,41.095,27.141,20.668,9.699,1.544
"AT4G18030",21.185,22.055,20.12,23.723,21.21,9.789,3.341
"AT4G18060",14.021,13.704,13.93,7.641,4.858,0.816,0.123
"AT4G18210",0.067,0.038,0.05,0.218,0.721,2.482,13.213
"AT4G18220",0.081,0.027,0,0.026,0.017,0.821,4.857
"AT4G18480",295.759,280.242,38.127,10.622,6.067,0.552,0.112
"AT4G18700",25.515,28.026,22.387,17.975,13.668,17.738,22.245
"AT4G19100",23.907,18.577,0.983,0.153,0.086,0.259,1.243
"AT4G19180",3.749,4.24,3.039,2.523,2.191,1.707,1.45
"AT4G19230",1.704,3.307,5.922,8.498,10.527,8.488,1.98
"AT4G19645",3.401,7.904,9.926,2.061,0.256,0.041,0.204
"AT4G19710",24.337,20.178,6.915,5.308,5.661,5.152,9.234
"AT4G19810",0,0,0,0.015,0.046,0.032,0
"AT4G20270",7.083,9.996,11.402,7.94,4.034,0.606,0.322
"AT4G21060",2.294,1.801,0.703,0.547,0.622,1.083,1.355
"AT4G21150",57.446,55.776,34.348,17.11,12.389,6.142,7.621
"AT4G21450",32.947,35.125,23.876,16.259,12.585,8.705,12.312
"AT4G21705",9.727,7.369,2.011,1.526,1.627,1.817,2.449
"AT4G21710",16.617,14.441,7.957,7.528,8.392,11.31,24.494
"AT4G22130",18.66,22.699,24.601,19.092,12.808,1.854,0.952
"AT4G22220",100.92,101.796,69.283,73.497,96.456,187.727,308.847
"AT4G22790",0.694,0.385,0.038,0.094,0.019,0.008,0
"AT4G22890",60.833,93.398,54.479,33.917,18.184,9.93,9.86
"AT4G22920",5.994,8.899,5.225,9.339,19.133,101.798,326.086
"AT4G22990",6.126,11.314,8.156,4.636,5.273,6.677,25.628
"AT4G23470",24.603,26.357,16.965,11.424,13.108,11.976,5.044
"AT4G23490",18.927,20.7,14.357,7.836,3.409,0.362,0.53
"AT4G23620",33.259,18.128,4.639,2.888,3.021,3.35,5.493
"AT4G23850",102.653,134.702,116.069,55.641,30.791,4.643,0.853
"AT4G23900",0,0,0.012,0.064,0.035,0.047,0.111
"AT4G24000",0,0.008,0.02,0.091,0.028,0.182,1.699
"AT4G24010",0,0.003,0,0,0,0,0.012
"AT4G24120",0.006,0,0.04,0.041,0,0.015,0
"AT4G24140",0,0,0.148,1.043,0.067,0.013,0.019
"AT4G24190",184.654,188.717,83.863,15.675,5.966,1.067,0.84
"AT4G24480",0.242,0.295,0.023,0.029,0.009,0.074,0.104
"AT4G24610",6.776,8.27,2.255,1.48,1.65,1.384,1.842
"AT4G24620",113.772,152.175,90.695,38.822,17.088,2.423,1.312
"AT4G24830",107.2,79.679,21.507,11.512,10.333,7.999,7.703
"AT4G24930",33.836,39.484,11.511,4.75,4.029,1.476,0.377
"AT4G24960",28.878,24.867,12.456,9.78,7.89,4.15,1.821
"AT4G25433",2.112,0.34,0,0,0.016,0,0
"AT4G25610",6.505,6.8,3.489,2.64,2.182,1.459,1.611
"AT4G25700",20.258,17.48,2.739,1.973,1.407,1.515,4.394
"AT4G25720",9.491,9.118,5.744,4.264,3.653,3.479,4.625
"AT4G25850",1.327,1.475,0.519,0.317,0.4,0.502,0.188
"AT4G25960",15.84,18.46,15.659,13.291,12.554,6.202,2.887
"AT4G26080",6.619,10.192,6.046,2.929,2.421,4.069,8.288
"AT4G26260",1.797,0.983,0.127,0.064,0.055,0.021,0
"AT4G26300",40.386,33.354,11.795,8.656,9.093,7.416,9.535
"AT4G26540",0.182,0.431,0.262,0.172,0.107,0.006,0.01
"AT4G26600",11.872,9.019,1.74,1.567,1.75,4.245,5.365
"AT4G26850",122.59,123.181,154.041,154.594,139.936,122.253,78.884
"AT4G27270",7.757,6.636,4.033,1.799,0.861,0.091,0.018
"AT4G27300",0,0,0,0,0,0,0
"AT4G27450",10.893,21.969,13.569,6.45,9.163,2.037,37.332
"AT4G27520",9.955,17.356,22.419,19.654,19.253,9.209,1.396
"AT4G27670",0,0,0,0.015,0,0.036,0.536
"AT4G27950",2.167,1.577,0.248,0.582,0.93,0.711,0.621
"AT4G28050",50.486,71.448,58.669,33.343,14.74,1.758,0.306
"AT4G28720",0.307,0.197,0.013,0,0,0,0
"AT4G29000",7.771,8.01,3.722,3.828,4.512,4.569,7.926
"AT4G29080",15.913,6.864,3.072,3.316,1.041,0.295,0.094
"AT4G29310",11.292,7.431,0.558,0.078,0.005,0,0.006
"AT4G30010",231.673,174.64,81.014,56.817,46.704,51.279,56.392
"AT4G30240",7.232,7.214,5.508,5.135,5.939,6.46,7.558
"AT4G30260",18.692,21.668,18.409,13.815,11.139,7.493,6.305
"AT4G30360",7.083,8.647,8.148,6.398,4.856,3.154,2.896
"AT4G30400",6.886,6.413,3.274,2.349,1.77,0.906,0.827
"AT4G30710",2.759,3.469,4.637,4.4,3.824,3.051,2.04
"AT4G30780",7.233,9.168,7.851,7.932,8.713,8.753,10.859
"AT4G30840",18.595,12.617,0.792,0.271,0.314,0.845,2.428
"AT4G30920",82.815,77.625,16.887,5.655,4.535,3.351,8.256
"AT4G30960",114.081,165.749,65.618,37.485,14.659,5.521,27.174
"AT4G30996",24.889,32.416,27.224,19.227,12.875,5.422,1.632
"AT4G31080",6.496,7.401,4.933,3.46,4.262,8.022,11.023
"AT4G31140",6.374,3.714,1.168,1.311,1.573,4.005,5.216
"AT4G31390",3.79,5.669,6.039,5.457,4.012,1.743,1.531
"AT4G31480",28.78,28.483,18.719,11.101,8.757,4.432,4.564
"AT4G31590",14.096,18.272,35.074,76.501,111.43,171.663,92.909
"AT4G31890",3.102,3.901,11.403,17.698,18.166,8.801,1.114
"AT4G31940",0,0,0,0,0,0,0
"AT4G32010",9.258,10.849,7.159,6.392,6.204,3.839,2.163
"AT4G32280",0.042,0.078,0,0.009,0.029,0,0
"AT4G32300",2.516,3.184,2.868,2.772,3.705,4.69,9.389
"AT4G32330",50.254,49.495,38.982,27.181,21.612,13.218,14.09
"AT4G32570",38.651,32.7,17.787,10.698,5.833,1.341,0.838
"AT4G32640",10.218,12.37,11.593,8.633,7.342,5.435,7.371
"AT4G33010",68.753,95.364,30.3,7.543,2.38,0.61,0.904
"AT4G33050",0,0,0.01,0,0.005,0,0
"AT4G33580",72.447,86.096,73.721,44.141,28.243,17.686,13.762
"AT4G33780",30.776,48.445,40.267,39.266,28.012,13.735,10.919
"AT4G33950",7.646,6.43,3.921,1.966,1.073,0.412,0.492
"AT4G34030",20.935,24.902,15.6,8.533,4.876,1.372,1.988
"AT4G34220",2.426,3.884,2.386,0.976,0.651,0.433,0.697
"AT4G34240",11.838,9.765,2.895,1.61,1.272,0.791,0.458
"AT4G34350",116.631,145.276,64.166,44.142,43.503,32.613,31.075
"AT4G34450",48.859,51.016,35.194,21.516,18.907,20.367,33.386
"AT4G34500",5.096,6.242,4.064,5.491,6.76,7.133,7.787
"AT4G34640",67.41,54.164,16.08,8.805,4.317,0.408,0.094
"AT4G34700",232.919,187.33,66.079,36.13,27.201,26.144,28.481
"AT4G34720",72.098,63.497,56.347,52.856,42.87,31.112,12.716
"AT4G34960",18.231,16.683,8.135,4.287,3.747,1.64,1.781
"AT4G35090",24.508,34.885,28.984,21.382,13.83,18.331,100.882
"AT4G35250",31.923,34.342,10.802,6.589,5.597,1.108,0.074
"AT4G35260",45.21,36.247,14.568,9.748,8.514,9.036,9.797
"AT4G35300",15.281,29.708,21.994,8.197,4.389,6.241,15.906
"AT4G35580",10.82,11.245,12.203,10.762,12.841,24.106,42.988
"AT4G35590",3.703,4.811,7.321,4.413,2.746,1.101,0.422
"AT4G35630",68.727,59.284,24.387,14.091,13.519,21.631,32.009
"AT4G35770",0.014,0.005,0,0,0,0.074,1.079
"AT4G36020",32.329,25.611,9.62,9.362,10.529,11.074,11.163
"AT4G36040",4.456,11.925,5.391,7.166,6.841,5.792,29.82
"AT4G36130",379.512,224.202,43.34,24.936,25.427,15.837,15.512
"AT4G36360",17.669,25.434,116.027,235.415,299.238,276.359,80.995
"AT4G36420",74.181,48.134,14.903,13.355,11.901,12.807,18.733
"AT4G36990",1.614,2.571,3.974,8.969,7.981,4.981,5.379
"AT4G37130",21.971,16.57,5.043,4.006,3.521,3.48,3.718
"AT4G37260",32.949,51.454,17.046,13.765,10.388,5.899,14.874
"AT4G37300",94.787,132.529,116.737,83.7,52.815,19.696,5.635
"AT4G37640",16.877,12.497,5.154,2.906,1.699,0.925,1.119
"AT4G37740",43.247,36.78,12.535,5.761,3.481,1.364,0.95
"AT4G37750",81.396,48.951,5.64,1.344,0.289,0.02,0
"AT4G38040",13.205,13.849,11.975,10.085,8.826,6.512,5.307
"AT4G38225",15.509,17.095,9.009,7.729,6.922,12.537,18.248
"AT4G38510",48.21,44.307,17.141,11.187,10.779,10.29,11.386
"AT4G38520",12.179,11.207,5.949,4.858,4.295,6.017,8.181
"AT4G38580",8.616,19.778,25.019,15.633,18.087,30.463,35.543
"AT4G39050",10.368,11.478,8.246,6.437,4.281,1.005,0.693
"AT4G39090",41.754,48.291,2.599,2.926,0.4,0.103,0.152
"AT4G39390",8.249,9.402,8.151,6.101,5.845,4.276,2.235
"AT4G39670",0.83,0.086,0.027,0.048,0.017,0.199,0.147
"AT4G39780",0.272,0.121,0.06,0.204,0.044,0.028,0
"AT4G39840",0,0,0,0,0,0,0
"AT4G39900",119.072,169.487,179.897,76.544,31.837,4.319,1.336
"AT5G01300",17.959,149.774,196.531,134.939,239.632,1263.565,2043.843
"AT5G01310",8.745,9.952,7.554,5.939,5.263,5.075,6.011
"AT5G01340",70.422,74.85,20.081,13.835,8.294,3.326,3.639
"AT5G01460",22.075,22.312,16.083,11.662,8.504,5.01,4.899
"AT5G01520",0.013,0.299,0.446,3.689,22.809,95.957,159.437
"AT5G01650",189.398,168.288,68.974,43.772,28.823,13.086,9.411
"AT5G01670",2.678,16.203,113.928,251.511,522.156,1593.773,2877.158
"AT5G02540",9.882,7.479,8.338,11.092,9.3,3.59,0.104
"AT5G02610",235.127,150.424,53.55,39.462,35.306,22.322,26.593
"AT5G02800",11.791,14.353,13.008,11.003,10.482,8.838,10.508
"AT5G03160",27.673,36.106,51.776,37.265,27.01,7.394,3.391
"AT5G03530",12.883,19.53,37.79,29.047,24.325,21.119,12.219
"AT5G03680",1.606,1.229,0.517,0.376,0.308,0.217,0.15
"AT5G03760",2.176,9.516,39.713,29.049,11.029,0.149,0.03
"AT5G04010",0,0,0.239,1.096,5.299,30.738,47.257
"AT5G04040",1.269,1.751,2.184,2.224,3.632,4.3,9.849
"AT5G04060",8.465,10.095,11.465,10.739,11.063,9.154,7.671
"AT5G04500",0.33,1.116,5.424,4.582,13.042,53.023,108.393
"AT5G04590",63.611,74.003,29.231,17.947,28.201,71.004,101.76
"AT5G04740",46.347,53.14,23.366,8.65,4.724,0.852,0.476
"AT5G04820",10.879,13.188,2.758,0.782,0.397,0.357,0.874
"AT5G04940",25.716,28.671,14.365,10.986,9.976,7.746,5.979
"AT5G05010",89.333,84.507,54.928,31.345,22.786,14.295,16.261
"AT5G05510",11.742,9.45,0.86,0.181,0.07,0.017,0
"AT5G05520",24.063,18.774,7.57,5.755,6.308,9.99,10.842
"AT5G05580",17.226,16.121,1.51,0.407,0.164,0.09,0.149
"AT5G05690",13.204,18.636,25.436,28.678,28.466,5.32,1.462
"AT5G05800",14.84,17.137,13.126,8.827,7.573,6.539,9.643
"AT5G06060",72.269,89.057,93.016,74.537,61.848,43.187,29.131
"AT5G06760",0.608,10.927,42.73,41.252,119.961,1709.172,5259.298
"AT5G06940",6.236,5.95,2.231,0.286,0.087,0,0.036
"AT5G07350",87.332,115.997,120.298,71.285,51.753,19.452,12.91
"AT5G07850",0.011,0,0,0,0,0,0
"AT5G07900",13.837,12.277,1.819,1.144,1.156,1.645,2.304
"AT5G07990",26.915,105.986,95.966,31.217,19.443,13.786,3.08
"AT5G08370",0.044,0.263,0.728,0.571,0.339,0.129,0.032
"AT5G08420",71.583,57.479,22.852,18.657,16.496,17.1,30.86
"AT5G08530",142.591,134.736,64.653,47.184,39.717,30.043,24.217
"AT5G08680",103.556,85.541,13.29,4.166,3.156,3.793,9.896
"AT5G08690",212.471,190.947,59.211,30.359,22.511,13.892,19.139
"AT5G09810",539.341,453.546,209.819,130.947,118.586,106.376,133.721
"AT5G09880",33.19,31.517,16.237,14.525,17.061,19.506,34.142
"AT5G09960",29.651,21.269,7.185,3.081,1.973,0.586,0.363
"AT5G10020",13.753,15.223,10.581,6.2,3.791,1.321,0.975
"AT5G10200",10.723,9.525,5.952,4.572,3.531,1.841,1.736
"AT5G10240",47.813,28.277,6.671,5.61,3.231,2.013,1.833
"AT5G10450",210.418,147.627,46.033,28.937,23.705,24.824,41.342
"AT5G10510",31.903,34.969,23.672,21.22,22.982,29.369,29.993
"AT5G10840",30.524,35.865,24.654,14.231,8.012,1.32,0.572
"AT5G11420",4.056,2.162,0.167,0.045,0.049,0.223,0.711
"AT5G11460",6.94,7.148,5.683,3.472,2.742,2.382,4.748
"AT5G11560",45.875,43.498,24.815,16.538,12.043,6.924,5.847
"AT5G11580",14.81,17.197,8.852,7.64,9.488,11.631,23.733
"AT5G11650",21.868,31.05,36.244,36.658,30.922,10.374,3.383
"AT5G11840",5.251,6.571,8.078,8.942,10.685,20.276,29.538
"AT5G11930",13.956,5.454,4.615,5.502,5.045,4.211,0.165
"AT5G12250",61.159,62.263,30.796,13.475,5.654,0.521,0.08
"AT5G12440",15.19,13.907,4.429,2.071,1.616,1.187,2.264
"AT5G12900",11.481,13.254,10.279,4.096,1.248,0.026,0.008
"AT5G13280",26.873,23.352,9.874,6.887,5.605,2.386,2.356
"AT5G13290",6.487,6.717,2.924,1.162,0.557,0.367,0.42
"AT5G13300",23.085,29.6,25.416,17.812,11.417,4.852,4.662
"AT5G13420",380.974,486.856,290.698,167.818,116.21,45.604,38.677
"AT5G13490",29.846,21.372,6.41,8.777,8.474,7.938,8.082
"AT5G13520",61.515,59.873,15.768,6.505,3.117,1.377,2.232
"AT5G13660",3.984,3.756,3.342,2.251,1.81,1.301,2.08
"AT5G13770",11.642,13.011,7.257,4.89,5.106,5.109,2.494
"AT5G13800",12.185,14.223,9.94,22.833,47.388,109.387,199.387
"AT5G13980",37.582,48.158,28.691,14.801,8.21,2.317,1.976
"AT5G14030",131.794,170.478,162.596,106.251,68.361,37.299,22.777
"AT5G14170",52.008,48.055,23.621,17.007,16.169,13.731,16.596
"AT5G14700",0.635,0.474,0.076,0.313,0.474,0.161,0.031
"AT5G14740",0.053,0.067,0.038,0,0,0,0
"AT5G14790",15.886,14.24,8.597,6.548,6.171,3.766,2.269
"AT5G14950",4.99,4.889,3.731,3.068,3,3.41,5.338
"AT5G15130",0,0,0,0,0,0,0
"AT5G15240",7.456,12.008,11.892,10.289,9.049,7.56,5.617
"AT5G15350",83.217,68.452,16.04,4.166,1.038,0.228,0.278
"AT5G15410",12.773,19.503,21.212,18.007,14.515,5.699,1.139
"AT5G15490",56.488,73.624,51.738,29.786,20.161,7.188,4.232
"AT5G15740",6.585,9.157,6.921,6.733,4.385,2.636,2.485
"AT5G16110",26.58,26.106,21.023,14.729,11.341,7.139,15.171
"AT5G16120",25.747,28.688,12.452,6.843,4.476,2.16,3.402
"AT5G16970",1.739,4.564,65.996,68.032,65.537,97.961,228.099
"AT5G17690",11.445,9.784,5.277,4.789,4.379,6.239,11.467
"AT5G17770",247.978,259.18,109.941,62.006,33.706,9.572,5.28
"AT5G17850",1.043,0.949,2.281,4.201,5.427,13.235,41.927
"AT5G17920",470.265,494.477,177.82,84.121,33.318,6.267,4.535
"AT5G18280",9.759,10.533,6.624,4.62,3.227,1.887,1.994
"AT5G18290",23.225,40.448,35.879,32.9,20.958,3.627,3.331
"AT5G18520",42.944,43.92,25.918,15.734,11.911,8.601,9.274
"AT5G18590",22.168,21.355,8.468,3.759,2.125,0.245,0.05
"AT5G18650",8.744,4.887,1.284,1.43,2.38,1.392,1.281
"AT5G18670",8.712,7.506,3.758,2.512,2.782,4.713,13.873
"AT5G18900",18.396,22.35,39.696,46.938,42.261,47.68,56.343
"AT5G19090",21.948,28.056,27.074,26.204,17.458,2.948,0.462
"AT5G19130",12.661,14.425,8.821,6.988,5.758,4.763,5.364
"AT5G19390",13.69,17.97,15.402,12.356,8.868,3.092,2.397
"AT5G19420",3.079,2.946,2.434,2.328,2.333,2.176,2.578
"AT5G19750",84.426,46.466,4.08,2.199,1.526,1.471,3.608
"AT5G19760",246.046,199.541,37.461,15.389,5.738,2.092,5.426
"AT5G19780",224.435,193.449,60.026,32.273,27.141,22.133,19.486
"AT5G19855",12.204,16.779,11.978,10.996,9.717,10.065,5.848
"AT5G19930",18.042,23.69,20.561,8.566,3.199,0.524,0.104
"AT5G19940",167.769,192.459,21.656,1.827,0.362,0.532,0.98
"AT5G20290",2098.658,1292.973,348.964,224.598,208.746,99.907,110.959
"AT5G20490",5.269,5.316,3.611,2.77,2.445,1.176,1.297
"AT5G20500",128.286,132.101,80.315,45.337,28.58,12.768,6.348
"AT5G20720",731.883,491.653,63.791,32.818,35.92,60.955,105.014
"AT5G21160",34.681,29.331,11.987,8.982,8.133,4.016,6.066
"AT5G21222",10.759,11.619,8.752,6.486,5.126,1.708,1.45
"AT5G22500",1.791,1.696,0.162,0.567,0.109,0.005,0.007
"AT5G22740",11.432,14.339,16.163,7.91,2.508,0.126,0.08
"AT5G22790",16.265,21.82,9.316,5.002,3.298,1.629,1.783
"AT5G22950",24.398,22.048,13.244,10.365,10.861,10.987,12.54
"AT5G23570",22.619,22.447,13.55,6.096,3.368,0.842,0.692
"AT5G23810",0.008,0.017,0.032,0.168,0.292,0.889,0.23
"AT5G23860",17.336,24.977,8.469,6.894,3.405,0.429,0.11
"AT5G24010",1.92,2.055,2.819,2.224,2.034,1.826,2.773
"AT5G24060",11.986,14.134,5.779,4.029,3.778,5.15,7.94
"AT5G24270",0.274,0.356,0.788,1.631,3.141,3.475,1.547
"AT5G24400",125.521,141.743,69.134,40.441,31.155,16.524,8.123
"AT5G24710",12.612,14.211,9.816,7.64,6.21,5.196,6.87
"AT5G24870",1.662,1.571,1.412,1.804,1.965,3.607,7.328
"AT5G24910",0.739,0.176,0.057,0.052,0.006,0.547,3.409
"AT5G25100",43.551,46.165,31.178,20.747,14.049,5.819,3.89
"AT5G25110",1.087,1.048,0.05,0,0,0,0
"AT5G25400",0.069,0.018,0,0,0,0,0
"AT5G25510",36.197,43.347,26.954,19.393,15.851,9.25,5.244
"AT5G25770",6.379,12.861,17.113,12.616,12.471,10.017,12.829
"AT5G25830",2.304,6.087,3.394,0.673,0.082,0.008,0.012
"AT5G26330",0,0.042,0,0,0,0,0
"AT5G26600",10.652,14.607,18.257,16.546,11.536,16.391,16.213
"AT5G26667",31.638,27.126,20.129,11.425,7.01,1.941,1.215
"AT5G26670",7.619,8.523,8.664,4.865,0.999,0.02,0.009
"AT5G26710",71.307,53.794,20.722,13.733,10.756,6.472,7.014
"AT5G26751",42.974,35.766,15.8,9.162,7.004,3.95,5.085
"AT5G26780",38.388,38.217,26.31,18.56,20.615,20.384,35.453
"AT5G26830",79.369,60.693,23.586,16.554,12.882,9.27,11.199
"AT5G27320",1.948,1.456,0.468,0.199,0.339,2.12,9.633
"AT5G27430",47.768,49.849,27.354,17.467,11.656,6.852,6.745
"AT5G27690",0.013,0,0.044,0.124,0.063,0.017,0.012
"AT5G27930",0.464,0.219,0.021,0,0.004,0,0
"AT5G28010",0.125,0.106,0.381,0.447,0.23,0.33,0.282
"AT5G28040",7.019,7.902,4.871,3.392,3.817,5.619,10.706
"AT5G28050",77.108,94.953,94.242,61.049,42.814,14.453,4.998
"AT5G28300",8.572,26.638,46.329,35.283,32.994,26.475,29.155
"AT5G28640",131.969,119.484,67.997,49.227,32.708,10.277,7.483
"AT5G28830",3.024,2.378,0.552,0.498,1.479,4.056,9.651
"AT5G28840",235.903,245.986,146.387,98.516,77.078,34.562,17.842
"AT5G34930",4.539,4.24,3.259,2.769,2.275,2.026,3.383
"AT5G34940",19.566,23.196,17.059,8.726,2.986,0.256,0.246
"AT5G35160",26.424,25.33,15.955,13.112,11.931,10.999,13.242
"AT5G35460",11.919,15.763,24.34,29.095,26.651,24.713,23.868
"AT5G36110",0.092,0.117,0.259,0.144,0.014,0.016,0
"AT5G36290",47.248,55.055,39.836,25.905,16.523,9.711,10.974
"AT5G36880",18.565,19.386,8.515,6.131,6.879,7.286,9.854
"AT5G37020",20.682,19.351,12.131,9.673,10.019,6.465,3.074
"AT5G37510",80.011,71.631,28.939,22.706,19.711,20.97,23.657
"AT5G37600",0.781,0.65,1.165,2.976,1.48,29.196,47.834
"AT5G37790",27.737,26.636,13.159,7.479,3.019,0.34,0.073
"AT5G38460",8.415,9.198,6.917,4.897,4.432,3.645,3.295
"AT5G38470",187.352,164.869,101.693,85.975,84.444,114.132,156.666
"AT5G38560",7.726,8.836,10.887,13.719,14.788,11.944,7.719
"AT5G38710",0.174,0.132,0.006,0.028,0,0,0
"AT5G38880",10.561,10.704,4.983,3.489,3.173,1.732,1.934
"AT5G39660",4.379,4.207,4.279,4.454,6.134,7.152,14.858
"AT5G39670",0.075,0.045,0,0,0.015,0.015,0.018
"AT5G40010",0,0,0.006,0,0,0,0
"AT5G40250",10.2,7.693,3.579,3.536,4.147,6.058,8.808
"AT5G40390",0.817,0.57,0.28,0.284,0.386,0.146,0.173
"AT5G40610",106.686,158.998,202.19,125.805,90.498,19.822,2.058
"AT5G40760",31.876,57.457,68.262,39.301,22.412,9.499,20.432
"AT5G41050",0.45,0.084,0.213,0.325,0.081,0,0
"AT5G41110",1.565,2.053,3.648,3.276,2.956,2.235,2.691
"AT5G41340",71.759,71.282,73.331,59.538,58.678,50.953,59.24
"AT5G41620",1.468,1.772,1.72,1.311,1.65,0.718,0.514
"AT5G41950",33.397,33.82,21.612,11.716,9.535,7.67,6.732
"AT5G41960",26.804,26.892,14.056,13.837,21.283,40.345,50.576
"AT5G42020",107.944,123.172,112.446,47.539,37.817,10.158,4.309
"AT5G42140",5.443,5.59,4.457,3.574,3.555,2.972,3.013
"AT5G42250",0.681,1.033,0.185,0.049,0.026,0.417,5.33
"AT5G42620",7.103,8.404,6.887,5.312,4.424,3.092,2.311
"AT5G42890",79.779,66.615,48.618,37.936,40.797,60.972,133.4
"AT5G43600",14.088,19.266,31.381,34.813,30.994,37.794,53.046
"AT5G43900",4.179,4.372,4.55,4.139,4.381,4.285,4.45
"AT5G43940",165.967,166.422,107.965,73.585,73.182,78.971,84.469
"AT5G44160",2.525,2.228,1.107,0.923,0.582,0.167,0.078
"AT5G44280",13.818,16.96,10.93,9.304,12.256,21.032,54.48
"AT5G44790",4.951,5.583,4.856,5.619,6.44,9.811,18.876
"AT5G45290",16.475,22.036,17.311,11.116,6.854,1.553,0.467
"AT5G45330",11.503,10.542,3.612,2.604,2.468,1.973,2.363
"AT5G45760",7.178,9.106,8.816,6.18,6.96,4.138,4.844
"AT5G46050",0,0,0.016,0.018,0,0.164,2.749
"AT5G46110",118.737,205.712,141.218,35.64,8.373,0.317,0.072
"AT5G46420",44.979,44.738,10.984,7.197,6.65,6.071,9.02
"AT5G46690",14.234,49.287,96.302,44.838,17.85,0.696,0.084
"AT5G46850",8.34,8.245,7.232,5.119,3.754,2.381,3.037
"AT5G47030",266.274,187.17,57.185,40.64,38.217,50.227,65.923
"AT5G47060",47.652,55.421,104.94,127.417,120.52,81.319,49.566
"AT5G47070",0.585,0.399,0.812,2.225,4.463,8.046,11.265
"AT5G47220",0.268,0.316,0.296,0.779,1.379,1.881,7.998
"AT5G47530",1.683,0.863,0.086,0.087,0.029,0.014,0
"AT5G47770",18.068,6.862,1.054,0.378,0.145,0.13,0.142
"AT5G47780",26.358,36.685,47.317,37.201,23.358,13.514,10.146
"AT5G48150",8.185,11.146,16.912,24.443,25.752,20.003,11.819
"AT5G48230",249.019,233.381,81.934,67.684,61.962,46.552,19.559
"AT5G48370",12.981,11.023,3.732,2.164,1.602,2.398,3.098
"AT5G48580",76.552,63.787,24.926,10.565,8.484,5.492,4.179
"AT5G48720",27.22,22.799,12.491,8.874,8.703,7.515,7.078
"AT5G48820",54.045,27.377,0.57,0.104,0.252,0.894,1.482
"AT5G49410",7.021,3.971,1.087,0.827,1.092,2.555,5.499
"AT5G49560",5.772,2.113,0.244,0.198,0.095,0.201,2.948
"AT5G49600",0.086,0.11,0.022,0,0.094,0,0.03
"AT5G49630",0.574,0.583,0.449,0.191,0.123,0.076,0.019
"AT5G49665",4.071,2.654,0.627,0.421,0.499,3.13,19.571
"AT5G49700",20.155,12.232,7.005,8.814,13.146,24.872,36.663
"AT5G50080",0,0.024,0.01,0.037,0.02,0,0
"AT5G50360",0.562,5.436,16.448,30.426,52.919,116.949,133.754
"AT5G50375",36.256,39.048,21.868,7.095,2.323,0.15,0.124
"AT5G50740",53.664,41.394,6.189,1.192,0.209,0.02,0
"AT5G50850",76.97,63.958,28.464,17.947,16.443,15.751,21.182
"AT5G50860",9.383,9.135,5.165,4.148,4.742,7.568,14.769
"AT5G51030",0.042,0.026,0.008,0.011,0,0,0
"AT5G51060",0,0,0,0,0,0,0
"AT5G51070",4.204,6.255,13.621,15.578,19.425,27.814,52.404
"AT5G51280",25.444,20.876,8.656,7.811,9.615,16.022,30.861
"AT5G51560",42.286,41.051,14.752,6.734,1.884,0.049,0
"AT5G51750",111.831,95.784,9.044,2.464,0.957,0.121,0.056
"AT5G52060",1.792,3.216,6.032,4.929,3.872,2.47,2.32
"AT5G52560",15.148,15.413,10.447,8.232,9.304,6.835,8.784
"AT5G52882",0.41,0.742,3.777,3.969,1.444,0.062,0.01
"AT5G52950",6.309,7.434,1.79,0.884,0.308,0.053,0.052
"AT5G53060",11.634,10.322,5.181,3.865,3.072,2.28,2.941
"AT5G53190",0.016,0,0,0,0,0,0
"AT5G53420",13.156,15.117,33.19,45.842,40.558,25.776,8.296
"AT5G53480",23.427,18.285,9.339,8.288,8.264,8.478,10.252
"AT5G54160",128.07,200.452,229.096,123.498,57.805,7.259,0.74
"AT5G54250",3.183,16.398,31.745,23.163,14.874,3.869,0.731
"AT5G54380",7.372,8.903,5.511,4.488,3.09,0.899,0.31
"AT5G54390",19.508,24.625,27.928,44.792,63.308,92.063,120.75
"AT5G54530",74.931,65.37,20.603,5.583,1.784,0.475,0.478
"AT5G54630",12.793,20.715,8.366,3.733,2.334,0.144,0.264
"AT5G54780",2.931,3.137,1.746,1.345,1.364,0.749,0.508
"AT5G54800",48.711,65.616,59.768,48.255,39.869,34.581,32.634
"AT5G54940",2.831,5.135,16.866,21.064,29.224,51.679,125.214
"AT5G55230",61.163,77.073,53.712,15.228,3.323,0.273,0.612
"AT5G55280",129.169,89.244,16.438,10.221,9.074,8.657,10.315
"AT5G55540",6.329,5.5,2.789,1.95,1.164,0.432,0.365
"AT5G56260",2.651,2.617,2.663,3.15,5.521,11.454,6.682
"AT5G56270",1.367,1.516,0.875,0.263,0.174,0.038,0.044
"AT5G56550",0.461,0.085,0.056,0,0.024,0.054,0.242
"AT5G56680",93.888,68.047,18.757,13.531,13.132,12.526,18.062
"AT5G57000",28.129,24.661,15.442,9.181,8.28,5.976,3.656
"AT5G57020",66.319,49.671,15.437,7.821,5.863,4.775,6.944
"AT5G57180",12.679,6.623,0.358,0.33,0.161,0.075,0.026
"AT5G57580",19.154,17.347,9.337,6.745,6.102,3.45,4.296
"AT5G57850",38.327,39.29,15.518,8.512,6.125,4.791,6.604
"AT5G57970",6.507,7.486,8.273,5.958,3.437,1.766,0.605
"AT5G58230",71.336,67.855,24.873,15.091,11.897,10.003,12.364
"AT5G58380",10.875,11.066,5.335,1.768,2.152,4.18,6.592
"AT5G58520",5.378,6.602,4.575,1.87,1.048,0.168,0.138
"AT5G58600",16.796,20.674,9.733,2.609,0.703,0.033,0.032
"AT5G58660",2.297,11.782,11.88,7.08,7.181,6.768,6.77
"AT5G58960",21.324,20.373,9.603,3.715,1.575,0.311,0.206
"AT5G59220",11.592,45.66,119.959,62.944,29.201,22.133,8.152
"AT5G59240",1.986,1.055,0.973,1.051,0.896,0.187,0
"AT5G59310",96.896,32.787,1.892,0.444,0.407,0.034,0.067
"AT5G59820",4.904,6.478,5.609,18.772,19.641,4.181,2.472
"AT5G59840",66.789,68.082,37.389,19.496,13.177,5.793,5.127
"AT5G60390",2766.11,1961.143,780.68,475.445,446.909,181.18,197.382
"AT5G60570",27.283,30.139,21.849,17.471,14.157,6.67,2.516
"AT5G60580",4.162,4.666,1.256,1.31,2.592,6.212,13.948
"AT5G60640",65.81,77.703,53.629,29.783,17.196,8.151,11.591
"AT5G60680",15.27,22.757,8.131,7.324,7.683,6.319,9.266
"AT5G60690",17.911,23.264,20.669,14.954,10.695,3.124,1.756
"AT5G60860",3.284,5.561,9.157,5.379,2.971,1.097,0.334
"AT5G60900",0,0,0.004,0,0,0,0
"AT5G60920",14.649,14.579,15.305,18.196,17.125,10.598,6.526
"AT5G61240",17.279,17.872,15.883,15.181,12.586,8.845,7.005
"AT5G61480",4.18,6.723,5.28,3.143,2.395,1.65,2.417
"AT5G61790",157.022,205.843,188.765,90.948,57.763,14.742,12.158
"AT5G62200",18.581,25.483,19.419,20.273,23.242,41.408,47.358
"AT5G62230",24.125,15.922,5.573,2.699,1.507,0.378,0.222
"AT5G62390",129.983,112.581,59.831,31.58,17.054,4.695,5.806
"AT5G62520",0.157,0.13,0.217,0.781,1.136,1.938,5.328
"AT5G62670",16.836,16.965,18.391,20.916,15.558,6.484,7.127
"AT5G62710",32.973,25.298,3.873,1.387,0.715,0.073,0.023
"AT5G62740",18.678,15.019,11.952,10.176,9.408,9.477,13.576
"AT5G62960",23.465,17.165,8.468,5.374,2.61,0.543,0.093
"AT5G63310",213.795,147.139,12.305,4.373,2.824,1.356,2.093
"AT5G63400",254.277,202.196,83.838,41.924,33.315,21.072,23.282
"AT5G63800",0.71,0.797,0.822,0.151,0.01,0.012,0
"AT5G63940",20.244,19.135,7.95,5.31,3.886,1.736,2.053
"AT5G64030",27.305,33.371,29.724,22.366,16.789,7.589,4.194
"AT5G64080",381.241,539.329,758.398,1183.387,1087.615,880.19,242.732
"AT5G64210",0.281,0.234,0.085,0.119,0.7,6.901,23.776
"AT5G64380",9.336,8.301,2.684,1.742,2.118,1.867,3.7
"AT5G64530",94.772,107.821,47.664,11.296,1.653,0.072,0.038
"AT5G64750",0,0.013,0.014,0.032,0.706,27.255,90.213
"AT5G64860",16.452,27.026,12.507,2.93,1.892,0.262,0.837
"AT5G64940",70.845,71.599,21.512,9.276,8.855,3.731,4.06
"AT5G65280",0.061,0.082,0.287,2.196,5.144,17.251,12.732
"AT5G65640",15.158,21.621,42.549,29.019,15.244,7.878,17.24
"AT5G65670",93.736,83.334,62.349,48.844,46.997,40.058,32.51
"AT5G65700",44.152,46.807,31.893,16.888,7.494,1.423,0.599
"AT5G65750",18.51,22.362,23.042,27.774,41.682,64.046,112.887
"AT5G65930",11.026,11.051,7.927,7.449,6.775,5.94,5.362
"AT5G65980",0,0.011,0.005,0,0,0,0
"AT5G66060",10.341,14.773,13.546,10.469,7.555,1.854,0.384
"AT5G66120",40.266,52.144,42.929,42.217,39.737,29.468,15.103
"AT5G66200",8.448,8.115,4.318,2.462,1.279,0.631,0.602
"AT5G66560",0,0,0,0,0,0,0
"AT5G66690",0.175,0.477,0.277,0.428,0.471,0.213,0
"AT5G66760",76.613,78.757,39.048,31.072,29.215,32.27,41.031
"AT5G67030",14.138,20.319,14.221,16.855,22.549,41.029,101.108
"AT5G67060",0.014,0.011,0,0,0.01,0,0
"AT5G67070",69.852,70.873,41.438,25.764,12.643,1.516,0.544
"AT5G67130",23.142,23.331,12.859,11.023,10.223,6.877,7.351
"AT5G67470",6.071,9.418,24.51,23.644,20.854,10.586,4.551
"AT5G67500",122.356,106.112,57.953,41.843,41.006,59.38,75.772
